GLOBAL	ACCOUNTING	ACCOUNTING	ENTPRISE-APP	ACCOUNTING
INFORGLOBAL	HUMAN-RES	HUMAN-RES	ENTPRISE-APP	HUMAN RESOURCES MANAGEMENT
OTHER	ROUTER	ROUTER	ROUTER	ROUTER
VERIZONWIRE	CELLULAR	CELLULAR	CELLULAR	CELLULAR PROVIDER
LOTUS	DBMS	DBMS	DBMS-BI	DATABASE MANAGEMENT
SYSPRO	CRM	CRM/SFA	ENTPRISE-APP	CUSTOMER/SALESFORCE MGMT
OCE	PRODUCTION	PRODUCTION	PRODUCTION	PRODUCTION PRINTER
ACCTON	SWITCH	SWITCH	SWITCH	LAN SWITCH
AT&T	PHONE-SYS	PHONE-SYS	PHONE-SYS	PHONE SYSTEM
INFOR	CRM	CRM/SFA	ENTPRISE-APP	CUSTOMER/SALESFORCE MGMT
SONY	VIDEO-CONF	VIDEO-CONF	VIDEO-CONF	VIDEO CONFERENCING
HP	CYCLONE	CYCLONE	CYCLONE	SERVER
WATCHGUARD	VPN	VPN	VPN	VIRTUAL PRIVATE NETWORK
HP	MIDRANGE	MIDRANGE	MIDRANGE	SERVER
PROGRESS	DEV-TOOL	DEV-TOOL	APPL-MGMT	APPL DEVELOPMENT TOOLS
MICROSOFT	PORTAL	PORTAL-MGMT	WORKFLOW	PORTAL MANAGEMENT
OTHER	UPS			POWER SYSTEM
CINGULAR	CELLULAR	CELLULAR	CELLULAR	CELLULAR PROVIDER
MICROSOFT	NT-SERVER3	NT-SERVER	NT-SERVER	OPERATING SYSTEM
APPLE	UNIX	UNIX	UNIX	OPERATING SYSTEM
ORACLE	APP-SERVER	APP-SERVER	WORKFLOW	APPLICATION SERVER SOFTWARE
TELCO	MAINT	MAINT	MAINT	MAINTENANCE VENDOR
IBM	SAN	SAN	SAN	STORAGE AREA NETWORK
ECLIPSE	ECLIPSE	DEV-TOOL	APPL-MGMT	APPL DEVELOPMENT TOOLS
QUANTUM	NAS	DISK-NAS	NAS	NETWORK ATTACHED STORAGE
VERIZON	ETHERNET	ETHERNET	ETHERNET	ETHERNET NETWORK
ORACLE	EAI	EAI	WORKFLOW	ENTERPRISE APPL INTEGRATION
WATCHGUARD	ID-MGMT	IDENTITY-MGT	SECURITY-MGT	IDENTITY MANAGEMENT
COMPOZ-SOFT	PORTAL	PORTAL-MGMT	WORKFLOW	PORTAL MANAGEMENT
ALBACOM	VPN	VPN	VPN	VIRTUAL PRIVATE NETWORK
BROTHER	PRINTER	PRINTER	PRINTER	PRINTER
POLYCOM	VIDEO-CONF	VIDEO-CONF	VIDEO-CONF	VIDEO CONFERENCING
CA	DBMS	DBMS	DBMS-BI	DATABASE MANAGEMENT
CISCO	UNIFIED-COMM	UNIFIED-COMM	UNIFIED-COMM	UNIFIED COMMUNICATIONS SRVS
AT&T	MAINT	MAINT	MAINT	MAINTENANCE VENDOR
QMS	PRINTER	PRINTER	PRINTER	PRINTER
SUN	ID-MGMT	IDENTITY-MGT	SECURITY-MGT	IDENTITY MANAGEMENT
IN-HOUSE	DOC-MGMT	DOC-MGMT	WORKFLOW	DOCUMENT MANAGEMENT
INTUIT	ACCOUNTING	ACCOUNTING	ENTPRISE-APP	ACCOUNTING
AST	DESKTOP	DESKTOP	PC	PERSONAL DESKTOP COMPUTER
HP	VAX	VAX	VAX	SERVER
CITRIX	SAAS	SAAS	CLOUD-CMPTNG	SOFTWARE AS A SERVICE
OTHER	UNSPECIFIED	UNSPECIFIED	UNSPECIFIED	UNSPECIFIED LEASED LINE
ORACLE	ERP-UNSPEC	ERP-UNSPEC	ENTPRISE-APP	UNSPECIFIED ERP MODULE
TELCO	PHONE-SYS	PHONE-SYS	PHONE-SYS	PHONE SYSTEM
DELL	SAAS	SAAS	CLOUD-CMPTNG	SOFTWARE AS A SERVICE
LINKSYS	SWITCH	SWITCH	SWITCH	LAN SWITCH
GOOGLE	ANTI-VIRUS	ANTI-VIRUS	SECURITY-MGT	ANTI-VIRUS
INTEGRAL	HUMAN-RES	HUMAN-RES	ENTPRISE-APP	HUMAN RESOURCES MANAGEMENT
MICROSOFT	W2003-SERVER	W2003-SERVER	W2003-SERVER	LAN OPERATING SYSTEM
MINOLTA	PRINTER	PRINTER	PRINTER	PRINTER
STORAGETEK	MAINT	MAINT	MAINT	MAINTENANCE VENDOR
OTHER	WORKSTATION	WORKSTATION	WORKSTATION	HIGH PERFORMANCE WORKSTATION
OTHER	DESKTOP-MGMT	DESKTOP-MGMT	SYSTEMS-MGMT	DESKTOP MANAGEMENT TOOLS
MICROSOFT	W2003-WEB	W2003-SERVER	W2003-SERVER	LAN OPERATING SYSTEM
INFORGLOBAL	SUPPLY-CHAIN	SUPPLY-CHAIN	ENTPRISE-APP	SUPPLY CHAIN MANAGEMENT
SUN-SOFT	PORTAL	PORTAL-MGMT	WORKFLOW	PORTAL MANAGEMENT
SPRINT	MAINT	MAINT	MAINT	MAINTENANCE VENDOR
MICROSOFT	SAAS-STORAGE	SAAS-STORAGE	CLOUD-CMPTNG	STORAGE AS A SERVICE
ORACLE	GROUPWARE	GROUPWARE	OFFICE	GROUPWARE SOFTWARE
MICROSOFT	VISUALBASIC	DEV-TOOL	APPL-MGMT	APPL DEVELOPMENT TOOLS
QAD	SUPPLY-CHAIN	SUPPLY-CHAIN	ENTPRISE-APP	SUPPLY CHAIN MANAGEMENT
WHITE-BOX	PORTABLE	PORTABLE	PC	PERSONAL PORTABLE COMPUTER
UNSPECIFIED	SONET-SERV	SONET-SERV	SONET-SERV	SONET SERVICE
AVAYA	PHONE-SYS	PHONE-SYS	PHONE-SYS	PHONE SYSTEM
HP	ID-MGMT	IDENTITY-MGT	SECURITY-MGT	IDENTITY MANAGEMENT
NCR	BI	BI	DBMS-BI	BUSINESS INTELLIGENCE
OTHER	SERVER-MGMT	SERVER-MGMT	SYSTEMS-MGMT	SERVER MANAGEMENT TOOLS
SNAP	NAS	DISK-NAS	NAS	NETWORK ATTACHED STORAGE
BELL-CANADA	ATM-SERV	ATM-SERV	ATM-SERV	ATM SERVICE
UNSPECIFIED	SWITCH	SWITCH	SWITCH	LAN SWITCH
ACER	SERVER	UNSPEC-SVR	SERVER	SERVER
UNSPECIFIED	ANTI-VIRUS	ANTI-VIRUS	SECURITY-MGT	ANTI-VIRUS
REMEDY	CRM	CRM/SFA	ENTPRISE-APP	CUSTOMER/SALESFORCE MGMT
XEROX	COPIER	COPIER	COPIER	OFFICE COPIER
PANASONIC	SURVEILLANCE	SURVEILLANCE	SURVEILLANCE	SURVEILLANCE EQUIPMENT
UNSPECIFIED	VIDEO-CONF	VIDEO-CONF	VIDEO-CONF	VIDEO CONFERENCING
VERIZON	VPN	VPN	VPN	VIRTUAL PRIVATE NETWORK
IBM	ZSERIES	ZSERIES	ZSERIES	IBM/PCM MAINFRAME
APPLE	DISK	DISK-DRIVE	DISK	DISK DRIVE
OTHER	MPLS	MPLS	MPLS	MULTIPROTCOL LABEL SWITCHING
MICROSOFT	DBMS	DBMS	DBMS-BI	DATABASE MANAGEMENT
HP	HIMALAYA	HIMALAYA	HIMALAYA	SERVER
SPRINT	PHONE-SYS	PHONE-SYS	PHONE-SYS	PHONE SYSTEM
SMC	SWITCH	SWITCH	SWITCH	LAN SWITCH
SUN	MIDRANGE	MIDRANGE	MIDRANGE	SERVER
HP	PATHWORKS-5	PATHWORKS	PATHWORKS	LAN OPERATING SYSTEM
IBM	PRINTER	PRINTER	PRINTER	PRINTER
ADP	SERVICES			SERVICES VENDOR
APPLE	XSERVE-G5	XSERVE-G5	XSERVE-G5	SERVER
CABLETRON	SWITCH	SWITCH	SWITCH	LAN SWITCH
SSA	ACCOUNTING	ACCOUNTING	ENTPRISE-APP	ACCOUNTING
CENTURYLINK	PHONE-SYS	PHONE-SYS	PHONE-SYS	PHONE SYSTEM
AVAYA	MAINT	MAINT	MAINT	MAINTENANCE VENDOR
SYNON	SYNON/2E	DEV-TOOL	APPL-MGMT	APPL DEVELOPMENT TOOLS
ACER	ALTOS	ALTOS	ALTOS	SERVER
GATEWAY	TOWER	TOWER	TOWER	SERVER
INNOVATION	STORAGE-MGMT	STORAGE-MGMT	STORAGE-MGMT	STORAGE MANAGEMENT
NOVELL	NETWARE-4	NETWARE	NETWARE	LAN OPERATING SYSTEM
ORACLE	DEVELOP2000	DEV-TOOL	APPL-MGMT	APPL DEVELOPMENT TOOLS
HP	CRM	CRM/SFA	ENTPRISE-APP	CUSTOMER/SALESFORCE MGMT
UNSPECIFIED	NAS	DISK-NAS	NAS	NETWORK ATTACHED STORAGE
OPEN-SYS	ACCOUNTING	ACCOUNTING	ENTPRISE-APP	ACCOUNTING
IBM	ROUTER	ROUTER	ROUTER	ROUTER
PRIMUS	UNSPECIFIED	UNSPECIFIED	UNSPECIFIED	UNSPECIFIED LEASED LINE
ALCATEL	PHONE-SYS	PHONE-SYS	PHONE-SYS	PHONE SYSTEM
TELUS	SONET-SERV	SONET-SERV	SONET-SERV	SONET SERVICE
ORACLE	ID-MGMT	IDENTITY-MGT	SECURITY-MGT	IDENTITY MANAGEMENT
IBM	AIX6000	UNIX	UNIX	OPERATING SYSTEM
INFOR	ERP-UNSPEC	ERP-UNSPEC	ENTPRISE-APP	UNSPECIFIED ERP MODULE
HP	TAPE-LIBRARY	TAPE-LIBRARY	TAPE	TAPE LIBRARY
MICROSOFT	VISUALSTUDIO	DEV-TOOL	APPL-MGMT	APPL DEVELOPMENT TOOLS
LIFESIZE	VIDEO-CONF	VIDEO-CONF	VIDEO-CONF	VIDEO CONFERENCING
ORACLE	DEV-TOOL	DEV-TOOL	APPL-MGMT	APPL DEVELOPMENT TOOLS
QUALSTAR	TAPE-LIBRARY	TAPE-LIBRARY	TAPE	TAPE LIBRARY
ASUS	DESKTOP	DESKTOP	PC	PERSONAL DESKTOP COMPUTER
LAWSON	ERP-UNSPEC	ERP-UNSPEC	ENTPRISE-APP	UNSPECIFIED ERP MODULE
SUN	EAI	EAI	WORKFLOW	ENTERPRISE APPL INTEGRATION
MICRO-STRAT	BI	BI	DBMS-BI	BUSINESS INTELLIGENCE
SCO	UNIXWARE	NETWARE	NETWARE	LAN OPERATING SYSTEM
SYSPRO	ERP-UNSPEC	ERP-UNSPEC	ENTPRISE-APP	UNSPECIFIED ERP MODULE
HP	DISK	DISK-DRIVE	DISK	DISK DRIVE
SIEBEL	CRM	CRM/SFA	ENTPRISE-APP	CUSTOMER/SALESFORCE MGMT
SUN	APP-SERVER	APP-SERVER	WORKFLOW	APPLICATION SERVER SOFTWARE
MICROSOFT	W2000-SERVER	W2000-SERVER	W2000-SERVER	LAN OPERATING SYSTEM
ORACLE	CRM	CRM/SFA	ENTPRISE-APP	CUSTOMER/SALESFORCE MGMT
OTHER	SAN	SAN	SAN	STORAGE AREA NETWORK
	GIGAETHER10			10 GIGAETHERNET
BELL-CANADA	INET-ACCESS			INTERNET ACCESS PROVIDER
WYSE	DESKTOP-MGMT	DESKTOP-MGMT	SYSTEMS-MGMT	DESKTOP MANAGEMENT TOOLS
MICROSOFT	VISTA	WINDOWS	WINDOWS	OPERATING SYSTEM
MINCOM	ACCOUNTING	ACCOUNTING	ENTPRISE-APP	ACCOUNTING
SASKTEL	UNSPECIFIED	UNSPECIFIED	UNSPECIFIED	UNSPECIFIED LEASED LINE
UNSPECIFIED	ACCOUNTING	ACCOUNTING	ENTPRISE-APP	ACCOUNTING
MITEL	PHONE-SYS	PHONE-SYS	PHONE-SYS	PHONE SYSTEM
SUN	DISK	DISK-DRIVE	DISK	DISK DRIVE
UUNET	INET-ACCESS			INTERNET ACCESS PROVIDER
EMC	DATA-CENTER	DATA-CENTER	ENTPRISE-MGT	ENTERPRISE MANAGEMENT
TIBCO	EAI	EAI	WORKFLOW	ENTERPRISE APPL INTEGRATION
PRIVATE	UNSPECIFIED	UNSPECIFIED	UNSPECIFIED	UNSPECIFIED LEASED LINE
BELL-CANADA	LONG-DIST	LONG-DIST	LONG-DIST	LONG DISTANCE CARRIER
IBM	WORKSTATION	WORKSTATION	WORKSTATION	HIGH PERFORMANCE WORKSTATION
IBM	DESKTOP-MGMT	DESKTOP-MGMT	SYSTEMS-MGMT	DESKTOP MANAGEMENT TOOLS
ORANGE	ETHERNET	ETHERNET	ETHERNET	ETHERNET NETWORK
UNISYS	TAPE-LIBRARY	TAPE-LIBRARY	TAPE	TAPE LIBRARY
SYSTEM-IND	STORAGE-MGMT	STORAGE-MGMT	STORAGE-MGMT	STORAGE MANAGEMENT
DELL	SERVICES			SERVICES VENDOR
FUJITSU	NAS	DISK-NAS	NAS	NETWORK ATTACHED STORAGE
HP	NETSERVER	NETSERVER	NETSERVER	SERVER
IBM	SERVER-MGMT	SERVER-MGMT	SYSTEMS-MGMT	SERVER MANAGEMENT TOOLS
IBM	ESERVER-325	ESERVER-325	ESERVER-325	SERVER
MICROSOFT	W2003-DCSVR	W2003-SERVER	W2003-SERVER	OPERATING SYSTEM
GOLDMINE	CRM	CRM/SFA	ENTPRISE-APP	CUSTOMER/SALESFORCE MGMT
HP	UNIX	UNIX	UNIX	OPERATING SYSTEM
PROFITKEY	ACCOUNTING	ACCOUNTING	ENTPRISE-APP	ACCOUNTING
ADP	HUMAN-RES	HUMAN-RES	ENTPRISE-APP	HUMAN RESOURCES MANAGEMENT
MITEL	MAINT	MAINT	MAINT	MAINTENANCE VENDOR
FILENET	DOC-MGMT	DOC-MGMT	WORKFLOW	DOCUMENT MANAGEMENT
EXABYTE	SAN	SAN	SAN	STORAGE AREA NETWORK
ACER	PORTABLE	PORTABLE	PC	PERSONAL PORTABLE COMPUTER
SUN	TAPE-LIBRARY	TAPE-LIBRARY	TAPE	TAPE LIBRARY
BELLSOUTH	VPN	VPN	VPN	VIRTUAL PRIVATE NETWORK
SYBASE	DBMS	DBMS	DBMS-BI	DATABASE MANAGEMENT
INTUITIVE	SUPPLY-CHAIN	SUPPLY-CHAIN	ENTPRISE-APP	SUPPLY CHAIN MANAGEMENT
PLUMTREE	PORTAL	PORTAL-MGMT	WORKFLOW	PORTAL MANAGEMENT
BEI	STORAGE-MGMT	STORAGE-MGMT	STORAGE-MGMT	STORAGE MANAGEMENT
OTHER	PRINTER	PRINTER	PRINTER	PRINTER
WHITE-BOX	SERVER	UNSPEC-SVR	SERVER	SERVER
ALPHA-SOFT	DBMS	DBMS	DBMS-BI	DATABASE MANAGEMENT
PEOPLESOFT	ACCOUNTING	ACCOUNTING	ENTPRISE-APP	ACCOUNTING
4TH-SHIFT	ACCOUNTING	ACCOUNTING	ENTPRISE-APP	ACCOUNTING
PIVOTAL	CRM	CRM/SFA	ENTPRISE-APP	CUSTOMER/SALESFORCE MGMT
SAGE	HUMAN-RES	HUMAN-RES	ENTPRISE-APP	HUMAN RESOURCES MANAGEMENT
HP	EAI	EAI	WORKFLOW	ENTERPRISE APPL INTEGRATION
BORLAND	DBMS	DBMS	DBMS-BI	DATABASE MANAGEMENT
				SPECIAL QUESTIONS
EMC	STORAGE-MGMT	STORAGE-MGMT	STORAGE-MGMT	STORAGE MANAGEMENT
WHITE-BOX	PROP-SERVER	UNSPEC-SVR	PROP-SERVER	SERVER
APPLE	MAC-OS/XSVR	MAC-OS/XSVR	MAC-OS/XSVR	LAN OPERATING SYSTEM
MICROSOFT	WIN/NT	WINDOWS/NT	WINDOWS	OPERATING SYSTEM
SARATOGA	CRM	CRM/SFA	ENTPRISE-APP	CUSTOMER/SALESFORCE MGMT
NETAPP	SAN	SAN	SAN	STORAGE AREA NETWORK
UNISYS	DBMS	DBMS	DBMS-BI	DATABASE MANAGEMENT
AT&T	VPN	VPN	VPN	VIRTUAL PRIVATE NETWORK
WEBMETHODS	EAI	EAI	WORKFLOW	ENTERPRISE APPL INTEGRATION
OTHER	ENTPRISE-MGT	ENTPRISE-MGT	ENTPRISE-MGT	ENTERPRISE MANAGEMENT
UNSPECIFIED	SAAS-EMAIL	SAAS-EMAIL	CLOUD-CMPTNG	EMAIL AS A SERVICE
COMPILER	ACTIVE-X	DEV-TOOL	APPL-MGMT	APPL DEVELOPMENT TOOLS
LSI-LOGIC	NAS	DISK-NAS	NAS	NETWORK ATTACHED STORAGE
SIEMENS	PHONE-SYS	PHONE-SYS	PHONE-SYS	PHONE SYSTEM
UNISYS	MAINT	MAINT	MAINT	MAINTENANCE VENDOR
UNSPECIFIED	INTEL-SERVER	UNSPEC-SVR	INTEL-SERVER	SERVER
IN-HOUSE	ACCOUNTING	ACCOUNTING	ENTPRISE-APP	ACCOUNTING
MINOLTA	COPIER	COPIER	COPIER	OFFICE COPIER
INTENTIA	HUMAN-RES	HUMAN-RES	ENTPRISE-APP	HUMAN RESOURCES MANAGEMENT
SUPER-MICRO	SUPERSERVER	SUPERSERVER	SUPERSERVER	SERVER
RED-HAT	APP-SERVER	APP-SERVER	WORKFLOW	APPLICATION SERVER SOFTWARE
VISIBILITY	SUPPLY-CHAIN	SUPPLY-CHAIN	ENTPRISE-APP	SUPPLY CHAIN MANAGEMENT
GOOGLE	SAAS-EMAIL	SAAS-EMAIL	CLOUD-CMPTNG	EMAIL AS A SERVICE
PROGRESS	DBMS	DBMS	DBMS-BI	DATABASE MANAGEMENT
TADIRAN	MAINT	MAINT	MAINT	MAINTENANCE VENDOR
SENTINL-COM	MAINT	MAINT	MAINT	MAINTENANCE VENDOR
EPICOR	CRM	CRM/SFA	ENTPRISE-APP	CUSTOMER/SALESFORCE MGMT
MAPICS	SUPPLY-CHAIN	SUPPLY-CHAIN	ENTPRISE-APP	SUPPLY CHAIN MANAGEMENT
PRIVATE	ATM-SERV	ATM-SERV	ATM-SERV	ATM SERVICE
BMC	ENTPRISE-MGT	ENTPRISE-MGT	ENTPRISE-MGT	ENTERPRISE MANAGEMENT
OTHER	INET-ACCESS			INTERNET ACCESS PROVIDER
NORTEL	FRAME-RELAY	FRAME-RELAY	FRAME-RELAY	FRAME RELAY SERVICE
SUN	MAINT	MAINT	MAINT	MAINTENANCE VENDOR
VERIO	INET-ACCESS			INTERNET ACCESS PROVIDER
WESTEL	LONG-DIST	LONG-DIST	LONG-DIST	LONG DISTANCE CARRIER
IBM	RATIONAL	SOFT-CONFIG	APPL-MGMT	SOFTWARE CONFIGURATION MGMT
IBM	9672	9672	9672	IBM/PCM MAINFRAME
IN-HOUSE	CRM	CRM/SFA	ENTPRISE-APP	CUSTOMER/SALESFORCE MGMT
UNSPECIFIED	UNIFIED-COMM	UNIFIED-COMM	UNIFIED-COMM	UNIFIED COMMUNICATIONS SRVS
FRIEDMAN	ACCOUNTING	ACCOUNTING	ENTPRISE-APP	ACCOUNTING
AMDOCS	CRM	CRM/SFA	ENTPRISE-APP	CUSTOMER/SALESFORCE MGMT
APACHE	APP-SERVER	APP-SERVER	WORKFLOW	APPLICATION SERVER SOFTWARE
HP	S1000	S1100	S1000	SERVER
XEROX	PRINTER	PRINTER	PRINTER	PRINTER
LUCENT	ROUTER	ROUTER	ROUTER	ROUTER
CA	ACCOUNTING	ACCOUNTING	ENTPRISE-APP	ACCOUNTING
CA	ID-MGMT	IDENTITY-MGT	SECURITY-MGT	IDENTITY MANAGEMENT
TADIRAN	PHONE-SYS	PHONE-SYS	PHONE-SYS	PHONE SYSTEM
COMPILER	COBOL	DEV-TOOL	APPL-MGMT	APPL DEVELOPMENT TOOLS
MCAFEE	ANTI-VIRUS	ANTI-VIRUS	SECURITY-MGT	ANTI-VIRUS
CGI	PACBASE	DEV-TOOL	APPL-MGMT	APPL DEVELOPMENT TOOLS
IBM	MULTIPRISE	MULITPRISE3K	MULTIPRISE	IBM/PCM MAINFRAME
JD-EDWARDS	ERP-UNSPEC	ERP-UNSPEC	ENTPRISE-APP	UNSPECIFIED ERP MODULE
ADIC	TAPE-LIBRARY	TAPE-LIBRARY	TAPE	TAPE LIBRARY
DELL	ENTPRISE-MGT	ENTPRISE-MGT	ENTPRISE-MGT	ENTERPRISE MANAGEMENT
DELTEK	ACCOUNTING	ACCOUNTING	ENTPRISE-APP	ACCOUNTING
TOSHIBA	PRINTER	PRINTER	PRINTER	PRINTER
BELL-CANADA	FRAME-RELAY	FRAME-RELAY	FRAME-RELAY	FRAME RELAY SERVICE
HP	DBMS	DBMS	DBMS-BI	DATABASE MANAGEMENT
AT&T	ETHERNET	ETHERNET	ETHERNET	ETHERNET NETWORK
CISCO	ANTI-VIRUS	ANTI-VIRUS	SECURITY-MGT	ANTI-VIRUS
EXACT-SOFT	HUMAN-RES	HUMAN-RES	ENTPRISE-APP	HUMAN RESOURCES MANAGEMENT
VMWARE	SERVER-MGMT	SERVER-MGMT	SYSTEMS-MGMT	SERVER MANAGEMENT TOOLS
IBM	SERVER	UNSPEC-SVR	SERVER	SERVER
OTHER	LONG-DIST	LONG-DIST	LONG-DIST	LONG DISTANCE CARRIER
CISCO	SWITCH	SWITCH	SWITCH	LAN SWITCH
CONTEL-FIN	MAINT	MAINT	MAINT	MAINTENANCE VENDOR
VERIZON	MAINT	MAINT	MAINT	MAINTENANCE VENDOR
SIEMENS	SURVEILLANCE	SURVEILLANCE	SURVEILLANCE	SURVEILLANCE EQUIPMENT
HP	MAINT	MAINT	MAINT	MAINTENANCE VENDOR
CONCURRENT	POWERMAX-OS	UNIX	UNIX	OPERATING SYSTEM
OTHER	PRODUCTION	PRODUCTION	PRODUCTION	PRODUCTION PRINTER
GATEWAY	PORTABLE	PORTABLE	PC	PERSONAL PORTABLE COMPUTER
SUSE	LINUX	UNIX	UNIX	OPERATING SYSTEM
MICROAGE	SERVICES			SERVICES VENDOR
ALCATEL	SWITCH	SWITCH	SWITCH	LAN SWITCH
MICROSOFT	MS/DOS	MS/DOS	MS/DOS	OPERATING SYSTEM
COMPILER	C-SHARP	DEV-TOOL	APPL-MGMT	APPL DEVELOPMENT TOOLS
SAP	ASSET-MGMT	ASSET-MGMT	SYSTEMS-MGMT	ASSET MANAGEMENT
VMWARE	DESKTOP-MGMT	DESKTOP-MGMT	SYSTEMS-MGMT	DESKTOP MANAGEMENT TOOLS
NOVELL	ENTPRISE-MGT	ENTPRISE-MGT	ENTPRISE-MGT	ENTERPRISE MANAGEMENT
INTEL	NAS	DISK-NAS	NAS	NETWORK ATTACHED STORAGE
NETSCAPE	INET-ACCESS			INTERNET ACCESS PROVIDER
BRIO	BI	BI	DBMS-BI	BUSINESS INTELLIGENCE
LENOVO	DESKTOP	DESKTOP	PC	PERSONAL DESKTOP COMPUTER
SASKTEL	ATM-SERV	ATM-SERV	ATM-SERV	ATM SERVICE
DECISION	PRODUCTION	PRODUCTION	PRODUCTION	PRODUCTION PRINTER
IRON-MOUNT	DOC-MGMT	DOC-MGMT	WORKFLOW	DOCUMENT MANAGEMENT
SHIVA	ROUTER	ROUTER	ROUTER	ROUTER
FLEXI-INTL	ACCOUNTING	ACCOUNTING	ENTPRISE-APP	ACCOUNTING
MICROSOFT	CRM	CRM/SFA	ENTPRISE-APP	CUSTOMER/SALESFORCE MGMT
KASPERSKY	ANTI-VIRUS	ANTI-VIRUS	SECURITY-MGT	ANTI-VIRUS
DELTEK	CRM	CRM/SFA	ENTPRISE-APP	CUSTOMER/SALESFORCE MGMT
BELL-CANADA	CELLULAR	CELLULAR	CELLULAR	CELLULAR PROVIDER
NORTHSTAR	ACCOUNTING	ACCOUNTING	ENTPRISE-APP	ACCOUNTING
DATA-PROD	PRODUCTION	PRODUCTION	PRODUCTION	PRODUCTION PRINTER
SPRINT	VPN	VPN	VPN	VIRTUAL PRIVATE NETWORK
ZENITH	PORTABLE	PORTABLE	PC	PERSONAL PORTABLE COMPUTER
	ETHERNET100			100 MBPS ETHERNET
OPEN-TEXT	UNIFIED-COMM	UNIFIED-COMM	UNIFIED-COMM	UNIFIED COMMUNICATIONS SRVS
VERIZON	PHONE-SYS	PHONE-SYS	PHONE-SYS	PHONE SYSTEM
MICROSOFT	DEV-TOOL	DEV-TOOL	APPL-MGMT	APPL DEVELOPMENT TOOLS
ACER	PRINTER	PRINTER	PRINTER	PRINTER
HP	DESKTOP	DESKTOP	PC	PERSONAL DESKTOP COMPUTER
IBM	ISERIES	ISERIES	ISERIES	SERVER
OTHER	PORTABLE	PORTABLE	PC	PERSONAL PORTABLE COMPUTER
HP	SAAS-STORAGE	SAAS-STORAGE	CLOUD-CMPTNG	STORAGE AS A SERVICE
PARCPLACE	VISUALWAVE	DEV-TOOL	APPL-MGMT	APPL DEVELOPMENT TOOLS
COMPILER	PROLOG	DEV-TOOL	APPL-MGMT	APPL DEVELOPMENT TOOLS
MICROSOFT	VISUALC++	DEV-TOOL	APPL-MGMT	APPL DEVELOPMENT TOOLS
ORACLE	ORACLE10G-DS	DEV-TOOL	APPL-MGMT	APPL DEVELOPMENT TOOLS
QUALCOMM	GROUPWARE	GROUPWARE	OFFICE	GROUPWARE SOFTWARE
MAPICS	HUMAN-RES	HUMAN-RES	ENTPRISE-APP	HUMAN RESOURCES MANAGEMENT
HP	INTEGRITY	INTEGRITY	INTEGRITY	SERVER
HTE	HUMAN-RES	HUMAN-RES	ENTPRISE-APP	HUMAN RESOURCES MANAGEMENT
MICROSOFT	ID-MGMT	IDENTITY-MGT	SECURITY-MGT	IDENTITY MANAGEMENT
GE	MAINT	MAINT	MAINT	MAINTENANCE VENDOR
NOVELL	NETWARE-6	NETWARE	NETWARE	LAN OPERATING SYSTEM
UUNET	SERVICES			SERVICES VENDOR
WHITE-BOX	WORKSTATION	WORKSTATION	WORKSTATION	HIGH PERFORMANCE WORKSTATION
IBM	2000	2000	2000	IBM/PCM MAINFRAME
IBM	AS/400	AS/400	AS/400	SERVER
REDLINE	SWITCH	SWITCH	SWITCH	LAN SWITCH
COMPILER	PYTHON	DEV-TOOL	APPL-MGMT	APPL DEVELOPMENT TOOLS
COMPILER	C	DEV-TOOL	APPL-MGMT	APPL DEVELOPMENT TOOLS
BORLAND	APP-SERVER	APP-SERVER	WORKFLOW	APPLICATION SERVER SOFTWARE
MICROSOFT	ACCOUNTING	ACCOUNTING	ENTPRISE-APP	ACCOUNTING
SYMANTEC	ID-MGMT	IDENTITY-MGT	SECURITY-MGT	IDENTITY MANAGEMENT
BROTHER	COPIER	COPIER	COPIER	OFFICE COPIER
CISCO	VIDEO-CONF	VIDEO-CONF	VIDEO-CONF	VIDEO CONFERENCING
COMPILER	JAVA	DEV-TOOL	APPL-MGMT	APPL DEVELOPMENT TOOLS
LOTUS	APP-SERVER	APP-SERVER	WORKFLOW	APPLICATION SERVER SOFTWARE
ROLAND	PRINTER	PRINTER	PRINTER	PRINTER
IBM	I5/OS	I5/OS	I5/OS	OPERATING SYSTEM
COMPILER	PHP	DEV-TOOL	APPL-MGMT	APPL DEVELOPMENT TOOLS
DELL	SERVER	UNSPEC-SVR	SERVER	SERVER
OTHER	LINUX	UNIX	UNIX	OPERATING SYSTEM
JD-EDWARDS	ACCOUNTING	ACCOUNTING	ENTPRISE-APP	ACCOUNTING
TIMBERLINE	ACCOUNTING	ACCOUNTING	ENTPRISE-APP	ACCOUNTING
AVAYA	SWITCH	SWITCH	SWITCH	LAN SWITCH
BEA-SYSTEMS	PORTAL	PORTAL-MGMT	WORKFLOW	PORTAL MANAGEMENT
UNSPECIFIED	PHONE-SYS	PHONE-SYS	PHONE-SYS	PHONE SYSTEM
FRIEDMAN	ERP-UNSPEC	ERP-UNSPEC	ENTPRISE-APP	UNSPECIFIED ERP MODULE
UNSPECIFIED	DESKTOP	DESKTOP	PC	PERSONAL DESKTOP COMPUTER
SAMSUNG	PHONE-SYS	PHONE-SYS	PHONE-SYS	PHONE SYSTEM
MICROSOFT	NT-SERVER	NT-SERVER	NT-SERVER	LAN OPERATING SYSTEM
UNSPECIFIED	SAAS-STORAGE	SAAS-STORAGE	CLOUD-CMPTNG	STORAGE AS A SERVICE
VMWARE	DATA-CENTER	DATA-CENTER	ENTPRISE-MGT	ENTERPRISE MANAGEMENT
ALPHA-MICRO	SERVER	UNSPEC-SVR	SERVER	SERVER
MICROSOFT	WIN/ME	WINDOWS	WINDOWS	OPERATING SYSTEM
IN-HOUSE	APP-SERVER	APP-SERVER	WORKFLOW	APPLICATION SERVER SOFTWARE
TALLY	ASSET-MGMT	ASSET-MGMT	SYSTEMS-MGMT	ASSET MANAGEMENT
CABLETRON	MAINT	MAINT	MAINT	MAINTENANCE VENDOR
IBM	ENTPRISE-MGT	ENTPRISE-MGT	ENTPRISE-MGT	ENTERPRISE MANAGEMENT
NETSUITE	SAAS	SAAS	CLOUD-CMPTNG	SOFTWARE AS A SERVICE
GRISOFT	ANTI-VIRUS	ANTI-VIRUS	SECURITY-MGT	ANTI-VIRUS
HARRIS-DAT	ACCOUNTING	ACCOUNTING	ENTPRISE-APP	ACCOUNTING
OPEN-TEXT	COLLABORATIV	COLLABORATIV	ENTPRISE-APP	COLLABORATIVE/INTEGRN SOFTWR
ORION	APP-SERVER	APP-SERVER	WORKFLOW	APPLICATION SERVER SOFTWARE
SUN	RISC-SERVER	UNSPEC-SVR	RISC-SERVER	SERVER
IBM	TSO	DEV-TOOL	APPL-MGMT	APPL DEVELOPMENT TOOLS
PEOPLESOFT	PORTAL	PORTAL-MGMT	WORKFLOW	PORTAL MANAGEMENT
SYBASE	POWERBUILDER	DEV-TOOL	APPL-MGMT	APPL DEVELOPMENT TOOLS
BROADVISION	PORTAL	PORTAL-MGMT	WORKFLOW	PORTAL MANAGEMENT
GOOGLE	SAAS-STORAGE	SAAS-STORAGE	CLOUD-CMPTNG	STORAGE AS A SERVICE
SYMANTEC	ANTI-VIRUS	ANTI-VIRUS	SECURITY-MGT	ANTI-VIRUS
RICOH	PRINTER	PRINTER	PRINTER	PRINTER
CISCO	VPN	VPN	VPN	VIRTUAL PRIVATE NETWORK
MICRORIM	DBMS	DBMS	DBMS-BI	DATABASE MANAGEMENT
ORACLE	DBMS	DBMS	DBMS-BI	DATABASE MANAGEMENT
UNSPECIFIED	DOC-MGMT	DOC-MGMT	WORKFLOW	DOCUMENT MANAGEMENT
STORAGETEK	TAPE-LIBRARY	TAPE-LIBRARY	TAPE	TAPE LIBRARY
EMC	SERVER	UNSPEC-SVR	SERVER	SERVER
CISCO	NAS	DISK-NAS	NAS	NETWORK ATTACHED STORAGE
DIGITAL-SYS	MAINT	MAINT	MAINT	MAINTENANCE VENDOR
COLORDO-MEM	STORAGE-MGMT	STORAGE-MGMT	STORAGE-MGMT	STORAGE MANAGEMENT
MICROSOFT	VIDEO-CONF	VIDEO-CONF	VIDEO-CONF	VIDEO CONFERENCING
HONEYWELL	SURVEILLANCE	SURVEILLANCE	SURVEILLANCE	SURVEILLANCE EQUIPMENT
TOSHIBA	UPS			POWER SYSTEM
OTHER	COPIER	COPIER	COPIER	OFFICE COPIER
HP	9000-SVR	9000	9000-SVR	SERVER
SUN-SOFT	UNIX	UNIX	UNIX	OPERATING SYSTEM
ENTERASYS	ROUTER	ROUTER	ROUTER	ROUTER
JD-EDWARDS	CRM	CRM/SFA	ENTPRISE-APP	CUSTOMER/SALESFORCE MGMT
UNSPECIFIED	DBMS	DBMS	DBMS-BI	DATABASE MANAGEMENT
SONY	SURVEILLANCE	SURVEILLANCE	SURVEILLANCE	SURVEILLANCE EQUIPMENT
IN-HOUSE	ERP-UNSPEC	ERP-UNSPEC	ENTPRISE-APP	UNSPECIFIED ERP MODULE
STORAGETEK	DISK	DISK-DRIVE	DISK	DISK DRIVE
APPLE	DESKTOP	DESKTOP	PC	PERSONAL DESKTOP COMPUTER
ECLIPSE	DEV-TOOL	DEV-TOOL	APPL-MGMT	APPL DEVELOPMENT TOOLS
MADE2MANAGE	SUPPLY-CHAIN	SUPPLY-CHAIN	ENTPRISE-APP	SUPPLY CHAIN MANAGEMENT
HITACHI	SAN	SAN	SAN	STORAGE AREA NETWORK
GATEWAY	RACK	RACK	RACK	SERVER
UNSPECIFIED	MAINT	MAINT	MAINT	MAINTENANCE VENDOR
CISCO	ID-MGMT	IDENTITY-MGT	SECURITY-MGT	IDENTITY MANAGEMENT
IBM	DMS	DEV-TOOL	APPL-MGMT	APPL DEVELOPMENT TOOLS
MICROSOFT	GROUPWARE	GROUPWARE	OFFICE	GROUPWARE SOFTWARE
OCE	PRINTER	PRINTER	PRINTER	PRINTER
ADIC	NAS	DISK-NAS	NAS	NETWORK ATTACHED STORAGE
IN-HOUSE	EAI	EAI	WORKFLOW	ENTERPRISE APPL INTEGRATION
COREL	DBMS	DBMS	DBMS-BI	DATABASE MANAGEMENT
ORACLE	ORACLE9I-DEV	DEV-TOOL	APPL-MGMT	APPL DEVELOPMENT TOOLS
NUVOX	LONG-DIST	LONG-DIST	LONG-DIST	LONG DISTANCE CARRIER
EPICOR	ERP-UNSPEC	ERP-UNSPEC	ENTPRISE-APP	UNSPECIFIED ERP MODULE
ROSS	HUMAN-RES	HUMAN-RES	ENTPRISE-APP	HUMAN RESOURCES MANAGEMENT
HP	ALPHASERVER	ALPHASERVER	ALPHASERVER	SERVER
BELL-CANADA	UNSPECIFIED	UNSPECIFIED	UNSPECIFIED	UNSPECIFIED LEASED LINE
SAP	HUMAN-RES	HUMAN-RES	ENTPRISE-APP	HUMAN RESOURCES MANAGEMENT
PARALLELS	DESKTOP-MGMT	DESKTOP-MGMT	SYSTEMS-MGMT	DESKTOP MANAGEMENT TOOLS
JAVASOFT	DEV-TOOL	DEV-TOOL	APPL-MGMT	APPL DEVELOPMENT TOOLS
SASKTEL	LONG-DIST	LONG-DIST	LONG-DIST	LONG DISTANCE CARRIER
IBM	VM	VM	VM	OPERATING SYSTEM
OPEN-TEXT	DOC-MGMT	DOC-MGMT	WORKFLOW	DOCUMENT MANAGEMENT
MICROSOFT	ERP-UNSPEC	ERP-UNSPEC	ENTPRISE-APP	UNSPECIFIED ERP MODULE
SALESFORCE	SAAS	SAAS	CLOUD-CMPTNG	SOFTWARE AS A SERVICE
MICROSOFT	WIN/WORKGRP3	WIN/WORKGRPS	WIN/WORKGRPS	OPERATING SYSTEM
UNSPECIFIED	SURVEILLANCE	SURVEILLANCE	SURVEILLANCE	SURVEILLANCE EQUIPMENT
IBM	PRODUCTION	PRODUCTION	PRODUCTION	PRODUCTION PRINTER
OTHER	SERVER	UNSPEC-SVR	SERVER	SERVER
IBM	RS/6000-SVR	POWERSERVER	RS/6000-SVR	SERVER
UNSPECIFIED	COLLABORATIV	COLLABORATIV	ENTPRISE-APP	COLLABORATIVE/INTEGRN SOFTWR
SBT	ACCOUNTING	ACCOUNTING	ENTPRISE-APP	ACCOUNTING
SGI	INTEL-SERVER	UNSPEC-SVR	INTEL-SERVER	SERVER
SAMSUNG	SURVEILLANCE	SURVEILLANCE	SURVEILLANCE	SURVEILLANCE EQUIPMENT
JDA-SFTWR	SUPPLY-CHAIN	SUPPLY-CHAIN	ENTPRISE-APP	SUPPLY CHAIN MANAGEMENT
XIOTECH	NAS	DISK-NAS	NAS	NETWORK ATTACHED STORAGE
AT&T	SONET-SERV	SONET-SERV	SONET-SERV	SONET SERVICE
LOTUS	GROUPWARE	GROUPWARE	OFFICE	GROUPWARE SOFTWARE
PERVASIVE	DBMS	DBMS	DBMS-BI	DATABASE MANAGEMENT
UNSPECIFIED	PORTAL	PORTAL-MGMT	WORKFLOW	PORTAL MANAGEMENT
VERIZON	UNIFIED-COMM	UNIFIED-COMM	UNIFIED-COMM	UNIFIED COMMUNICATIONS SRVS
OTHER	ATM-SERV	ATM-SERV	ATM-SERV	ATM SERVICE
SAP	BI	BI	DBMS-BI	BUSINESS INTELLIGENCE
SUN	ENTERPRISE	ENTERPRISE	ENTERPRISE	SERVER
	WIRELESS-LAN			LOCAL AREA NETWORK
FUJITSU	DESKTOP	DESKTOP	PC	PERSONAL DESKTOP COMPUTER
BELLSOUTH	MAINT	MAINT	MAINT	MAINTENANCE VENDOR
OVERLAND	TAPE-LIBRARY	TAPE-LIBRARY	TAPE	TAPE LIBRARY
CAPTARIS	DOC-MGMT	DOC-MGMT	WORKFLOW	DOCUMENT MANAGEMENT
MICROSOFT	EAI	EAI	WORKFLOW	ENTERPRISE APPL INTEGRATION
IN-HOUSE	SOFT-CONFIG	SOFT-CONFIG	APPL-MGMT	SOFTWARE CONFIGURATION MGMT
PEACHTREE	ACCOUNTING	ACCOUNTING	ENTPRISE-APP	ACCOUNTING
MANHATTAN	SUPPLY-CHAIN	SUPPLY-CHAIN	ENTPRISE-APP	SUPPLY CHAIN MANAGEMENT
FUJITSU	PHONE-SYS	PHONE-SYS	PHONE-SYS	PHONE SYSTEM
CA	ANTI-VIRUS	ANTI-VIRUS	SECURITY-MGT	ANTI-VIRUS
AT&T	VIDEO-CONF	VIDEO-CONF	VIDEO-CONF	VIDEO CONFERENCING
WEBEX	VIDEO-CONF	VIDEO-CONF	VIDEO-CONF	VIDEO CONFERENCING
BELL-CANADA	MPLS	MPLS	MPLS	MULTIPROTCOL LABEL SWITCHING
TELCO	SONET-SERV	SONET-SERV	SONET-SERV	SONET SERVICE
CA	CA-CLIPPER	DEV-TOOL	APPL-MGMT	APPL DEVELOPMENT TOOLS
MICROSOFT	APP-SERVER	APP-SERVER	WORKFLOW	APPLICATION SERVER SOFTWARE
SOPHOS	ID-MGMT	IDENTITY-MGT	SECURITY-MGT	IDENTITY MANAGEMENT
SUN-SOFT	GROUPWARE	GROUPWARE	OFFICE	GROUPWARE SOFTWARE
IBM	PORTABLE	PORTABLE	PC	PERSONAL PORTABLE COMPUTER
NORTEL	ROUTER	ROUTER	ROUTER	ROUTER
TELUS	UNIFIED-COMM	UNIFIED-COMM	UNIFIED-COMM	UNIFIED COMMUNICATIONS SRVS
UNSPECIFIED	OPSYS	OPSYS	OPSYS	OPERATING SYSTEM
ORACLE	PORTAL	PORTAL-MGMT	WORKFLOW	PORTAL MANAGEMENT
PRIMUS	LONG-DIST	LONG-DIST	LONG-DIST	LONG DISTANCE CARRIER
BORLAND	DEV-TOOL	DEV-TOOL	APPL-MGMT	APPL DEVELOPMENT TOOLS
HP	INTEL-SERVER	UNSPEC-SVR	INTEL-SERVER	SERVER
IBM	XSERIES	XSERIES-4XX	XSERIES	SERVER
ROSS	SUPPLY-CHAIN	SUPPLY-CHAIN	ENTPRISE-APP	SUPPLY CHAIN MANAGEMENT
SEAGATE	SAN	SAN	SAN	STORAGE AREA NETWORK
XO	INET-ACCESS			INTERNET ACCESS PROVIDER
GATEWAY	SERVER	UNSPEC-SVR	SERVER	SERVER
HP	RISC-SERVER	UNSPEC-SVR	RISC-SERVER	SERVER
ORACLE	COLLABORATIV	COLLABORATIV	ENTPRISE-APP	COLLABORATIVE/INTEGRN SOFTWR
PROGRESS	PROG/400-4GL	DEV-TOOL	APPL-MGMT	APPL DEVELOPMENT TOOLS
SAP	SUPPLY-CHAIN	SUPPLY-CHAIN	ENTPRISE-APP	SUPPLY CHAIN MANAGEMENT
IN-HOUSE	ANTI-VIRUS	ANTI-VIRUS	SECURITY-MGT	ANTI-VIRUS
COMPILER	DEV-TOOL	DEV-TOOL	APPL-MGMT	APPL DEVELOPMENT TOOLS
MICROSOFT	ASP	DEV-TOOL	APPL-MGMT	APPL DEVELOPMENT TOOLS
CAPGEMINI	SERVICES			SERVICES VENDOR
DELTEK	ERP-UNSPEC	ERP-UNSPEC	ENTPRISE-APP	UNSPECIFIED ERP MODULE
XENSOURCE	SERVER-MGMT	SERVER-MGMT	SYSTEMS-MGMT	SERVER MANAGEMENT TOOLS
BELLSOUTH	PHONE-SYS	PHONE-SYS	PHONE-SYS	PHONE SYSTEM
NORLIGHT	VPN	VPN	VPN	VIRTUAL PRIVATE NETWORK
NCR	SERVER	UNSPEC-SVR	SERVER	SERVER
CSC	MAINT	MAINT	MAINT	MAINTENANCE VENDOR
IBM	WARPSERVER	WARPCONNECT	WARPCONNECT	LAN OPERATING SYSTEM
NOVELL	NETWARE	NETWARE	NETWARE	LAN OPERATING SYSTEM
UNSPECIFIED	CELLULAR	CELLULAR	CELLULAR	CELLULAR PROVIDER
BULL	MAINT	MAINT	MAINT	MAINTENANCE VENDOR
NOVELL	NETWARE-2	NETWARE	NETWARE	LAN OPERATING SYSTEM
SHORETEL	PHONE-SYS	PHONE-SYS	PHONE-SYS	PHONE SYSTEM
HP	ROUTER	ROUTER	ROUTER	ROUTER
UNSPECIFIED	ASSET-MGMT	ASSET-MGMT	SYSTEMS-MGMT	ASSET MANAGEMENT
BROADWING	UNSPECIFIED	UNSPECIFIED	UNSPECIFIED	UNSPECIFIED LEASED LINE
TELUS	UNSPECIFIED	UNSPECIFIED	UNSPECIFIED	UNSPECIFIED LEASED LINE
IKON	SERVICES			SERVICES VENDOR
EMC	ID-MGMT	IDENTITY-MGT	SECURITY-MGT	IDENTITY MANAGEMENT
LANIER	COPIER	COPIER	COPIER	OFFICE COPIER
ICG	UNSPECIFIED	UNSPECIFIED	UNSPECIFIED	UNSPECIFIED LEASED LINE
ACCPAC	ACCOUNTING	ACCOUNTING	ENTPRISE-APP	ACCOUNTING
EXIDE	UPS			POWER SYSTEM
NOVELL	ID-MGMT	IDENTITY-MGT	SECURITY-MGT	IDENTITY MANAGEMENT
SQL-FINANCL	ACCOUNTING	ACCOUNTING	ENTPRISE-APP	ACCOUNTING
KONICA	PRINTER	PRINTER	PRINTER	PRINTER
MICROSOFT	INET-ACCESS			INTERNET ACCESS PROVIDER
ADP	ERP-UNSPEC	ERP-UNSPEC	ENTPRISE-APP	UNSPECIFIED ERP MODULE
BELLSOUTH	SERVICES			SERVICES VENDOR
BEST-SFTWR	ACCOUNTING	ACCOUNTING	ENTPRISE-APP	ACCOUNTING
IBM	GROUPWARE	GROUPWARE	OFFICE	GROUPWARE SOFTWARE
UNSPECIFIED	PRINTER	PRINTER	PRINTER	PRINTER
IFS	SUPPLY-CHAIN	SUPPLY-CHAIN	ENTPRISE-APP	SUPPLY CHAIN MANAGEMENT
INFO-BUILD	DBMS	DBMS	DBMS-BI	DATABASE MANAGEMENT
IBM	TAPE-LIBRARY	TAPE-LIBRARY	TAPE	TAPE LIBRARY
APERTUS	STORAGE-MGMT	STORAGE-MGMT	STORAGE-MGMT	STORAGE MANAGEMENT
SHARP	PRINTER	PRINTER	PRINTER	PRINTER
SAGE	ERP-UNSPEC	ERP-UNSPEC	ENTPRISE-APP	UNSPECIFIED ERP MODULE
FUJITSU	SAN	SAN	SAN	STORAGE AREA NETWORK
CONCERTO	CRM	CRM/SFA	ENTPRISE-APP	CUSTOMER/SALESFORCE MGMT
PRINTEK	PRINTER	PRINTER	PRINTER	PRINTER
SAMSUNG	PRINTER	PRINTER	PRINTER	PRINTER
BT	VPN	VPN	VPN	VIRTUAL PRIVATE NETWORK
DATA-BUS	CRM	CRM/SFA	ENTPRISE-APP	CUSTOMER/SALESFORCE MGMT
TELCO	LONG-DIST	LONG-DIST	LONG-DIST	LONG DISTANCE CARRIER
NBTEL	LONG-DIST	LONG-DIST	LONG-DIST	LONG DISTANCE CARRIER
ADT	ID-MGMT	IDENTITY-MGT	SECURITY-MGT	IDENTITY MANAGEMENT
NCR	MIDRANGE	MIDRANGE	MIDRANGE	SERVER
D-LINK	SURVEILLANCE	SURVEILLANCE	SURVEILLANCE	SURVEILLANCE EQUIPMENT
IBM	DISK	DISK-DRIVE	DISK	DISK DRIVE
OTHER	ETHERNET	ETHERNET	ETHERNET	ETHERNET NETWORK
GOVERNMENT	INET-ACCESS			INTERNET ACCESS PROVIDER
BUS-OBJECTS	EAI	EAI	WORKFLOW	ENTERPRISE APPL INTEGRATION
UNSPECIFIED	FRAME-RELAY	FRAME-RELAY	FRAME-RELAY	FRAME RELAY SERVICE
SSA	HUMAN-RES	HUMAN-RES	ENTPRISE-APP	HUMAN RESOURCES MANAGEMENT
PRIME	MAINT	MAINT	MAINT	MAINTENANCE VENDOR
ACCPAC	CRM	CRM/SFA	ENTPRISE-APP	CUSTOMER/SALESFORCE MGMT
AT&T	LONG-DIST	LONG-DIST	LONG-DIST	LONG DISTANCE CARRIER
INTUIT	SUPPLY-CHAIN	SUPPLY-CHAIN	ENTPRISE-APP	SUPPLY CHAIN MANAGEMENT
CSC	SERVICES			SERVICES VENDOR
ADTRAN	ROUTER	ROUTER	ROUTER	ROUTER
SUN	WORKSTATION	WORKSTATION	WORKSTATION	HIGH PERFORMANCE WORKSTATION
DELL	NAS	DISK-NAS	NAS	NETWORK ATTACHED STORAGE
CAPGEMINI	MAINT	MAINT	MAINT	MAINTENANCE VENDOR
BEST-SFTWR	CRM	CRM/SFA	ENTPRISE-APP	CUSTOMER/SALESFORCE MGMT
MICROSOFT	ENTPRISE-MGT	ENTPRISE-MGT	ENTPRISE-MGT	ENTERPRISE MANAGEMENT
SPRINT	INET-ACCESS			INTERNET ACCESS PROVIDER
NOVELL	NETWARE-LITE	NETWARE	NETWARE	LAN OPERATING SYSTEM
LAWSON	SUPPLY-CHAIN	SUPPLY-CHAIN	ENTPRISE-APP	SUPPLY CHAIN MANAGEMENT
LEGATO	STORAGE-MGMT	STORAGE-MGMT	STORAGE-MGMT	STORAGE MANAGEMENT
HYPERION	BI	BI	DBMS-BI	BUSINESS INTELLIGENCE
AST	PORTABLE	PORTABLE	PC	PERSONAL PORTABLE COMPUTER
BORLAND	DELPHI	DEV-TOOL	APPL-MGMT	APPL DEVELOPMENT TOOLS
CISCO	SERVER	UNSPEC-SVR	SERVER	SERVER
IBM	SWITCH	SWITCH	SWITCH	LAN SWITCH
COMPILER	PERL	DEV-TOOL	APPL-MGMT	APPL DEVELOPMENT TOOLS
MCI	MPLS	MPLS	MPLS	MULTIPROTCOL LABEL SWITCHING
INFOR	SUPPLY-CHAIN	SUPPLY-CHAIN	ENTPRISE-APP	SUPPLY CHAIN MANAGEMENT
EMC	NAS	DISK-NAS	NAS	NETWORK ATTACHED STORAGE
APPLE	PRINTER	PRINTER	PRINTER	PRINTER
IBM	ANTI-VIRUS	ANTI-VIRUS	SECURITY-MGT	ANTI-VIRUS
INTERGRAPH	WORKSTATION	WORKSTATION	WORKSTATION	HIGH PERFORMANCE WORKSTATION
US-LEC	LONG-DIST	LONG-DIST	LONG-DIST	LONG DISTANCE CARRIER
SASKTEL	SONET-SERV	SONET-SERV	SONET-SERV	SONET SERVICE
SYSPRO	SUPPLY-CHAIN	SUPPLY-CHAIN	ENTPRISE-APP	SUPPLY CHAIN MANAGEMENT
INTEL	ENTPRISE-MGT	ENTPRISE-MGT	ENTPRISE-MGT	ENTERPRISE MANAGEMENT
NORTEL	UNIFIED-COMM	UNIFIED-COMM	UNIFIED-COMM	UNIFIED COMMUNICATIONS SRVS
VERIZON	UNSPECIFIED	UNSPECIFIED	UNSPECIFIED	UNSPECIFIED LEASED LINE
MICROSOFT	W2003-ENTSVR	W2003-SERVER	W2003-SERVER	OPERATING SYSTEM
IBM	APP-SERVER	APP-SERVER	WORKFLOW	APPLICATION SERVER SOFTWARE
UNSPECIFIED	SAN	SAN	SAN	STORAGE AREA NETWORK
SUN	SUNFIRE	SUNFIRE	SUNFIRE	SERVER
IN-HOUSE	ENTPRISE-MGT	ENTPRISE-MGT	ENTPRISE-MGT	ENTERPRISE MANAGEMENT
MACROMEDIA	COLD-FUSION	DEV-TOOL	APPL-MGMT	APPL DEVELOPMENT TOOLS
HP	NONSTOP-OS	NONSTOP	NONSTOP	OPERATING SYSTEM
DOCUMENTUM	DOC-MGMT	DOC-MGMT	WORKFLOW	DOCUMENT MANAGEMENT
FUJITSU	PRINTER	PRINTER	PRINTER	PRINTER
PRIVATE	SONET-SERV	SONET-SERV	SONET-SERV	SONET SERVICE
SUN	SPARC-SERVER	SPARC-SERVER	SPARC-SERVER	SERVER
ALTIGEN	MAINT	MAINT	MAINT	MAINTENANCE VENDOR
SPRINT-PCS	CELLULAR	CELLULAR	CELLULAR	CELLULAR PROVIDER
HP	MPE/XL	MPE	MPE	OPERATING SYSTEM
COMDISCO	SERVICES			SERVICES VENDOR
SPRINT	LONG-DIST	LONG-DIST	LONG-DIST	LONG DISTANCE CARRIER
INFERENCE	CRM	CRM/SFA	ENTPRISE-APP	CUSTOMER/SALESFORCE MGMT
UNSPECIFIED	STORAGE-MGMT	STORAGE-MGMT	STORAGE-MGMT	STORAGE MANAGEMENT
AT&T	INET-ACCESS			INTERNET ACCESS PROVIDER
CINCOM	EAI	EAI	WORKFLOW	ENTERPRISE APPL INTEGRATION
OTHER	DEV-TOOL	DEV-TOOL	APPL-MGMT	APPL DEVELOPMENT TOOLS
HP	300	300	300	SERVER
APPLE	MAC-OS	MAC-OS	MAC-OS	OPERATING SYSTEM
SHORELINE	PHONE-SYS	PHONE-SYS	PHONE-SYS	PHONE SYSTEM
ORACLE	DATA-CENTER	DATA-CENTER	ENTPRISE-MGT	ENTERPRISE MANAGEMENT
PRINTRONIX	PRODUCTION	PRODUCTION	PRODUCTION	PRODUCTION PRINTER
HP	WORKSTATION	WORKSTATION	WORKSTATION	HIGH PERFORMANCE WORKSTATION
HP	DESKTOP-MGMT	DESKTOP-MGMT	SYSTEMS-MGMT	DESKTOP MANAGEMENT TOOLS
CE-SOFT	GROUPWARE	GROUPWARE	OFFICE	GROUPWARE SOFTWARE
QAD	ACCOUNTING	ACCOUNTING	ENTPRISE-APP	ACCOUNTING
UNISYS	UPS			POWER SYSTEM
OTHER	LAN-OPSYS	LAN-OPSYS	LAN-OPSYS	LAN OPERATING SYSTEM
IBM	CSP	DEV-TOOL	APPL-MGMT	APPL DEVELOPMENT TOOLS
HP	PATHWORKS-4	PATHWORKS	PATHWORKS	LAN OPERATING SYSTEM
COMPILER	CLIPPER	DEV-TOOL	APPL-MGMT	APPL DEVELOPMENT TOOLS
MYSQL-AB	DBMS	DBMS	DBMS-BI	DATABASE MANAGEMENT
GEAC	ACCOUNTING	ACCOUNTING	ENTPRISE-APP	ACCOUNTING
HELPSTAR	ASSET-MGMT	ASSET-MGMT	SYSTEMS-MGMT	ASSET MANAGEMENT
INFORGLOBAL	ACCOUNTING	ACCOUNTING	ENTPRISE-APP	ACCOUNTING
OTHER	ID-MGMT	IDENTITY-MGT	SECURITY-MGT	IDENTITY MANAGEMENT
WHITE-BOX	DESKTOP	DESKTOP	PC	PERSONAL DESKTOP COMPUTER
COMPILER	MUMPS	DEV-TOOL	APPL-MGMT	APPL DEVELOPMENT TOOLS
ENTRUST	ID-MGMT	IDENTITY-MGT	SECURITY-MGT	IDENTITY MANAGEMENT
HP	SERVER-MGMT	SERVER-MGMT	SYSTEMS-MGMT	SERVER MANAGEMENT TOOLS
ORACLE	JDEVELOP-9I	DEV-TOOL	APPL-MGMT	APPL DEVELOPMENT TOOLS
LUCENT	PHONE-SYS	PHONE-SYS	PHONE-SYS	PHONE SYSTEM
IFS	HUMAN-RES	HUMAN-RES	ENTPRISE-APP	HUMAN RESOURCES MANAGEMENT
CENTRAL-PT	ANTI-VIRUS	ANTI-VIRUS	SECURITY-MGT	ANTI-VIRUS
OTHER	ACCOUNTING	ACCOUNTING	ENTPRISE-APP	ACCOUNTING
TELUS	MPLS	MPLS	MPLS	MULTIPROTCOL LABEL SWITCHING
EXECUTONE	PHONE-SYS	PHONE-SYS	PHONE-SYS	PHONE SYSTEM
SGI	IRIX	UNIX	UNIX	OPERATING SYSTEM
RED-HAT	LINUX	UNIX	UNIX	OPERATING SYSTEM
IBM	AS/APPL-DEV	DEV-TOOL	APPL-MGMT	APPL DEVELOPMENT TOOLS
SKYPE	VIDEO-CONF	VIDEO-CONF	VIDEO-CONF	VIDEO CONFERENCING
OTHER	VPN	VPN	VPN	VIRTUAL PRIVATE NETWORK
VERIZON	MPLS	MPLS	MPLS	MULTIPROTCOL LABEL SWITCHING
ALTIGEN	PHONE-SYS	PHONE-SYS	PHONE-SYS	PHONE SYSTEM
IBM	ERP-UNSPEC	ERP-UNSPEC	ENTPRISE-APP	UNSPECIFIED ERP MODULE
OTHER	NAS	DISK-NAS	NAS	NETWORK ATTACHED STORAGE
CA	ENTPRISE-MGT	ENTPRISE-MGT	ENTPRISE-MGT	ENTERPRISE MANAGEMENT
MCI	UNSPECIFIED	UNSPECIFIED	UNSPECIFIED	UNSPECIFIED LEASED LINE
AXIS	SURVEILLANCE	SURVEILLANCE	SURVEILLANCE	SURVEILLANCE EQUIPMENT
ACER	INTEL-SERVER	UNSPEC-SVR	INTEL-SERVER	SERVER
PAETEC	LONG-DIST	LONG-DIST	LONG-DIST	LONG DISTANCE CARRIER
MACROMEDIA	DEV-TOOL	DEV-TOOL	APPL-MGMT	APPL DEVELOPMENT TOOLS
SSA	SUPPLY-CHAIN	SUPPLY-CHAIN	ENTPRISE-APP	SUPPLY CHAIN MANAGEMENT
QAD	CRM	CRM/SFA	ENTPRISE-APP	CUSTOMER/SALESFORCE MGMT
FOUNDRY	ROUTER	ROUTER	ROUTER	ROUTER
UNISYS	MCP	MCP	MCP	OPERATING SYSTEM
NORMAN	ANTI-VIRUS	ANTI-VIRUS	SECURITY-MGT	ANTI-VIRUS
UNSPECIFIED	DATA-CENTER	DATA-CENTER	ENTPRISE-MGT	ENTERPRISE MANAGEMENT
HP	SAAS	SAAS	CLOUD-CMPTNG	SOFTWARE AS A SERVICE
SGI	WORKSTATION	WORKSTATION	WORKSTATION	HIGH PERFORMANCE WORKSTATION
INFORGLOBAL	CRM	CRM/SFA	ENTPRISE-APP	CUSTOMER/SALESFORCE MGMT
ALLIED-TEL	INET-ACCESS			INTERNET ACCESS PROVIDER
IBM	VISUALAGE	DEV-TOOL	APPL-MGMT	APPL DEVELOPMENT TOOLS
LENOVO	DESKTOP-MGMT	DESKTOP-MGMT	SYSTEMS-MGMT	DESKTOP MANAGEMENT TOOLS
LAWSON	HUMAN-RES	HUMAN-RES	ENTPRISE-APP	HUMAN RESOURCES MANAGEMENT
OTHER	CRM	CRM/SFA	ENTPRISE-APP	CUSTOMER/SALESFORCE MGMT
IOMEGA	DISK	DISK-DRIVE	DISK	DISK DRIVE
IBM	EAI	EAI	WORKFLOW	ENTERPRISE APPL INTEGRATION
INVENTEC	DATA-CENTER	DATA-CENTER	ENTPRISE-MGT	ENTERPRISE MANAGEMENT
UNSPECIFIED	SERVICES			SERVICES VENDOR
IWATSU	PHONE-SYS	PHONE-SYS	PHONE-SYS	PHONE SYSTEM
LUCENT	MAINT	MAINT	MAINT	MAINTENANCE VENDOR
TREND-MICRO	ANTI-VIRUS	ANTI-VIRUS	SECURITY-MGT	ANTI-VIRUS
FUJITSU	PRIMERGY	PRIMERGY	PRIMERGY	SERVER
COMDIAL	PHONE-SYS	PHONE-SYS	PHONE-SYS	PHONE SYSTEM
GLOVIA	ACCOUNTING	ACCOUNTING	ENTPRISE-APP	ACCOUNTING
LEXMARK	PRINTER	PRINTER	PRINTER	PRINTER
HP	MPE	MPE	MPE	OPERATING SYSTEM
HP	MPE/IX	MPE	MPE	OPERATING SYSTEM
JUNIPER	ID-MGMT	IDENTITY-MGT	SECURITY-MGT	IDENTITY MANAGEMENT
UNSPECIFIED	MPLS	MPLS	MPLS	MULTIPROTCOL LABEL SWITCHING
CHLORIDE	UPS			POWER SYSTEM
TELCO	ATM-SERV	ATM-SERV	ATM-SERV	ATM SERVICE
UNSPECIFIED	BI	BI	DBMS-BI	BUSINESS INTELLIGENCE
MICROAGE	MAINT	MAINT	MAINT	MAINTENANCE VENDOR
SAP	PORTAL	PORTAL-MGMT	WORKFLOW	PORTAL MANAGEMENT
NORTEL	PHONE-SYS	PHONE-SYS	PHONE-SYS	PHONE SYSTEM
COMPILER	HTML	DEV-TOOL	APPL-MGMT	APPL DEVELOPMENT TOOLS
OTHER	VIDEO-CONF	VIDEO-CONF	VIDEO-CONF	VIDEO CONFERENCING
PROFITKEY	HUMAN-RES	HUMAN-RES	ENTPRISE-APP	HUMAN RESOURCES MANAGEMENT
DELL	POWEREDGE	POWEREDGE	POWEREDGE	SERVER
APPLE	WORKSTATION	WORKSTATION	WORKSTATION	HIGH PERFORMANCE WORKSTATION
FONALITY	PHONE-SYS	PHONE-SYS	PHONE-SYS	PHONE SYSTEM
TI	PRINTER	PRINTER	PRINTER	PRINTER
MT&T	CELLULAR	CELLULAR	CELLULAR	CELLULAR PROVIDER
CODA	ACCOUNTING	ACCOUNTING	ENTPRISE-APP	ACCOUNTING
HP	EXT	EXT	EXT	SERVER
UNIVERSAL	STORAGE-MGMT	STORAGE-MGMT	STORAGE-MGMT	STORAGE MANAGEMENT
SAGE	CRM	CRM/SFA	ENTPRISE-APP	CUSTOMER/SALESFORCE MGMT
EXTREME	SWITCH	SWITCH	SWITCH	LAN SWITCH
INTUIT	ASSET-MGMT	ASSET-MGMT	SYSTEMS-MGMT	ASSET MANAGEMENT
COMPILER	RPG	DEV-TOOL	APPL-MGMT	APPL DEVELOPMENT TOOLS
ASUS	PORTABLE	PORTABLE	PC	PERSONAL PORTABLE COMPUTER
MCI	FRAME-RELAY	FRAME-RELAY	FRAME-RELAY	FRAME RELAY SERVICE
HP	DATA-CENTER	DATA-CENTER	ENTPRISE-MGT	ENTERPRISE MANAGEMENT
INFOR	ASSET-MGMT	ASSET-MGMT	SYSTEMS-MGMT	ASSET MANAGEMENT
IBM	MIDRANGE	MIDRANGE	MIDRANGE	SERVER
UNSPECIFIED	SAAS	SAAS	CLOUD-CMPTNG	SOFTWARE AS A SERVICE
NCR	DISK	DISK-DRIVE	DISK	DISK DRIVE
ORACLE	DESKTOP-MGMT	DESKTOP-MGMT	SYSTEMS-MGMT	DESKTOP MANAGEMENT TOOLS
OTHER	SOFT-CONFIG	SOFT-CONFIG	APPL-MGMT	SOFTWARE CONFIGURATION MGMT
MICROSOFT	J++	DEV-TOOL	APPL-MGMT	APPL DEVELOPMENT TOOLS
OTHER	TAPE-LIBRARY	TAPE-LIBRARY	TAPE	TAPE LIBRARY
AST	SERVER	UNSPEC-SVR	SERVER	SERVER
OTHER	GROUPWARE	GROUPWARE	OFFICE	GROUPWARE SOFTWARE
ESI-COMM	PHONE-SYS	PHONE-SYS	PHONE-SYS	PHONE SYSTEM
IBM	VM/ESA	VM	VM	OPERATING SYSTEM
CBEYOND	INET-ACCESS			INTERNET ACCESS PROVIDER
NEC	DESKTOP	DESKTOP	PC	PERSONAL DESKTOP COMPUTER
NOVELL	APP-SERVER	APP-SERVER	WORKFLOW	APPLICATION SERVER SOFTWARE
HP	SERVICES			SERVICES VENDOR
T-MOBILE	CELLULAR	CELLULAR	CELLULAR	CELLULAR PROVIDER
NEC	PHONE-SYS	PHONE-SYS	PHONE-SYS	PHONE SYSTEM
ORACLE	SUPPLY-CHAIN	SUPPLY-CHAIN	ENTPRISE-APP	SUPPLY CHAIN MANAGEMENT
NORTEL	MAINT	MAINT	MAINT	MAINTENANCE VENDOR
HP	SAN	SAN	SAN	STORAGE AREA NETWORK
UNSPECIFIED	SUPPLY-CHAIN	SUPPLY-CHAIN	ENTPRISE-APP	SUPPLY CHAIN MANAGEMENT
TELUS	SERVICES			SERVICES VENDOR
SCO	XENIX	UNIX	UNIX	OPERATING SYSTEM
MICROSOFT	NT-WORKSTN	NT-WORKSTN	NT-WORKSTN	OPERATING SYSTEM
OTHER	DISK	DISK-DRIVE	DISK	DISK DRIVE
SUN-SOFT	SOLARIS	UNIX	UNIX	OPERATING SYSTEM
JAVASOFT	JDK	DEV-TOOL	APPL-MGMT	APPL DEVELOPMENT TOOLS
HP	HP-UX	UNIX	UNIX	OPERATING SYSTEM
KYOCERA	PRINTER	PRINTER	PRINTER	PRINTER
BELLSOUTH	UNSPECIFIED	UNSPECIFIED	UNSPECIFIED	UNSPECIFIED LEASED LINE
HP	STORAGE-MGMT	STORAGE-MGMT	STORAGE-MGMT	STORAGE MANAGEMENT
HP	PROLIANT	PROLIANT	PROLIANT	SERVER
VODAVI	PHONE-SYS	PHONE-SYS	PHONE-SYS	PHONE SYSTEM
MINCOM	SUPPLY-CHAIN	SUPPLY-CHAIN	ENTPRISE-APP	SUPPLY CHAIN MANAGEMENT
SAGE	ACCOUNTING	ACCOUNTING	ENTPRISE-APP	ACCOUNTING
UNSPECIFIED	WORKSTATION	WORKSTATION	WORKSTATION	HIGH PERFORMANCE WORKSTATION
PEOPLESOFT	HUMAN-RES	HUMAN-RES	ENTPRISE-APP	HUMAN RESOURCES MANAGEMENT
UNSPECIFIED	DESKTOP-MGMT	DESKTOP-MGMT	SYSTEMS-MGMT	DESKTOP MANAGEMENT TOOLS
MICROSOFT	W2008-SERVER	W2008-SERVER	W2008-SERVER	LAN OPERATING SYSTEM
ACCPAC	ERP-UNSPEC	ERP-UNSPEC	ENTPRISE-APP	UNSPECIFIED ERP MODULE
COGNOS	DEV-TOOL	DEV-TOOL	APPL-MGMT	APPL DEVELOPMENT TOOLS
OTHER	ANTI-VIRUS	ANTI-VIRUS	SECURITY-MGT	ANTI-VIRUS
AT&T	ATM-SERV	ATM-SERV	ATM-SERV	ATM SERVICE
FORCE-10	ROUTER	ROUTER	ROUTER	ROUTER
HUMMINGBIRD	PORTAL	PORTAL-MGMT	WORKFLOW	PORTAL MANAGEMENT
OTHER	SWITCH	SWITCH	SWITCH	LAN SWITCH
OTHER	SONET-SERV	SONET-SERV	SONET-SERV	SONET SERVICE
BEST-SFTWR	ERP-UNSPEC	ERP-UNSPEC	ENTPRISE-APP	UNSPECIFIED ERP MODULE
UNSPECIFIED	SERVER-MGMT	SERVER-MGMT	SYSTEMS-MGMT	SERVER MANAGEMENT TOOLS
NEC	MAINT	MAINT	MAINT	MAINTENANCE VENDOR
ORACLE	SQL-FORMS	DEV-TOOL	APPL-MGMT	APPL DEVELOPMENT TOOLS
ALIANT	CELLULAR	CELLULAR	CELLULAR	CELLULAR PROVIDER
IOMEGA	NAS	DISK-NAS	NAS	NETWORK ATTACHED STORAGE
GOOGLE	DESKTOP-MGMT	DESKTOP-MGMT	SYSTEMS-MGMT	DESKTOP MANAGEMENT TOOLS
NETSCAPE	APP-SERVER	APP-SERVER	WORKFLOW	APPLICATION SERVER SOFTWARE
GLOBALCROSS	MPLS	MPLS	MPLS	MULTIPROTCOL LABEL SWITCHING
NITSUKO	PHONE-SYS	PHONE-SYS	PHONE-SYS	PHONE SYSTEM
UAC	MAINT	MAINT	MAINT	MAINTENANCE VENDOR
ORACLE	BI	BI	DBMS-BI	BUSINESS INTELLIGENCE
XEROX	DOC-MGMT	DOC-MGMT	WORKFLOW	DOCUMENT MANAGEMENT
XO	VPN	VPN	VPN	VIRTUAL PRIVATE NETWORK
SGI	ALTIX	ALTIX	ALTIX	SERVER
PROFITKEY	SUPPLY-CHAIN	SUPPLY-CHAIN	ENTPRISE-APP	SUPPLY CHAIN MANAGEMENT
TELEBEC	LONG-DIST	LONG-DIST	LONG-DIST	LONG DISTANCE CARRIER
ASI-SOFT	ACCOUNTING	ACCOUNTING	ENTPRISE-APP	ACCOUNTING
SUN	SAN	SAN	SAN	STORAGE AREA NETWORK
QWEST	UNSPECIFIED	UNSPECIFIED	UNSPECIFIED	UNSPECIFIED LEASED LINE
RED-HAT	LINUX-DSKTOP	UNIX	UNIX	OPERATING SYSTEM
CABLETRON	ROUTER	ROUTER	ROUTER	ROUTER
REMEDY	ASSET-MGMT	ASSET-MGMT	SYSTEMS-MGMT	ASSET MANAGEMENT
SBC	VPN	VPN	VPN	VIRTUAL PRIVATE NETWORK
MTS	LONG-DIST	LONG-DIST	LONG-DIST	LONG DISTANCE CARRIER
COMPILER	FORTRAN	DEV-TOOL	APPL-MGMT	APPL DEVELOPMENT TOOLS
OTHER	APP-SERVER	APP-SERVER	WORKFLOW	APPLICATION SERVER SOFTWARE
CINCOM	CRM	CRM/SFA	ENTPRISE-APP	CUSTOMER/SALESFORCE MGMT
SUN	STORAGE-MGMT	STORAGE-MGMT	STORAGE-MGMT	STORAGE MANAGEMENT
OKI	PRINTER	PRINTER	PRINTER	PRINTER
WHITE-BOX	INTEL-SERVER	UNSPEC-SVR	INTEL-SERVER	SERVER
IBM	DEV-TOOL	DEV-TOOL	APPL-MGMT	APPL DEVELOPMENT TOOLS
INTUITIVE	CRM	CRM/SFA	ENTPRISE-APP	CUSTOMER/SALESFORCE MGMT
NOVELL	GROUPWARE	GROUPWARE	OFFICE	GROUPWARE SOFTWARE
WHITE-BOX	RISC-SERVER	UNSPEC-SVR	RISC-SERVER	SERVER
COMPILER	ADA	DEV-TOOL	APPL-MGMT	APPL DEVELOPMENT TOOLS
MICROLITE	STORAGE-MGMT	STORAGE-MGMT	STORAGE-MGMT	STORAGE MANAGEMENT
MCI	SERVICES			SERVICES VENDOR
SUN	SPARCCLUSTER	CLUSTER-2000	SPARCCLUSTER	SERVER
IBM	ID-MGMT	IDENTITY-MGT	SECURITY-MGT	IDENTITY MANAGEMENT
NORLIGHT	LONG-DIST	LONG-DIST	LONG-DIST	LONG DISTANCE CARRIER
SPRINT	ATM-SERV	ATM-SERV	ATM-SERV	ATM SERVICE
OPEN-SYS	HUMAN-RES	HUMAN-RES	ENTPRISE-APP	HUMAN RESOURCES MANAGEMENT
ORACLE	HUMAN-RES	HUMAN-RES	ENTPRISE-APP	HUMAN RESOURCES MANAGEMENT
IBM	3030	3031	3030	IBM/PCM MAINFRAME
ACC	ROUTER	ROUTER	ROUTER	ROUTER
IBM	INFORMIX-4GL	DEV-TOOL	APPL-MGMT	APPL DEVELOPMENT TOOLS
TOSHIBA	PHONE-SYS	PHONE-SYS	PHONE-SYS	PHONE SYSTEM
EXABYTE	TAPE-LIBRARY	TAPE-LIBRARY	TAPE	TAPE LIBRARY
I2-TECH	SUPPLY-CHAIN	SUPPLY-CHAIN	ENTPRISE-APP	SUPPLY CHAIN MANAGEMENT
TELUS	CELLULAR	CELLULAR	CELLULAR	CELLULAR PROVIDER
CANON	COPIER	COPIER	COPIER	OFFICE COPIER
OTHER	UNIX	UNIX	UNIX	OPERATING SYSTEM
SCT	ACCOUNTING	ACCOUNTING	ENTPRISE-APP	ACCOUNTING
UNISYS	SERVICES			SERVICES VENDOR
DELL	TAPE-LIBRARY	TAPE-LIBRARY	TAPE	TAPE LIBRARY
INTER-TEL	MAINT	MAINT	MAINT	MAINTENANCE VENDOR
UNSPECIFIED	UNSPECIFIED	UNSPECIFIED	UNSPECIFIED	UNSPECIFIED LEASED LINE
TOSHIBA	DESKTOP	DESKTOP	PC	PERSONAL DESKTOP COMPUTER
NEWTEL	LONG-DIST	LONG-DIST	LONG-DIST	LONG DISTANCE CARRIER
COMPILER	PASCAL	DEV-TOOL	APPL-MGMT	APPL DEVELOPMENT TOOLS
IBM	ACCOUNTING	ACCOUNTING	ENTPRISE-APP	ACCOUNTING
GLOBALCROSS	UNSPECIFIED	UNSPECIFIED	UNSPECIFIED	UNSPECIFIED LEASED LINE
OTHER	ERP-UNSPEC	ERP-UNSPEC	ENTPRISE-APP	UNSPECIFIED ERP MODULE
IBM	NAS	DISK-NAS	NAS	NETWORK ATTACHED STORAGE
EATON	UPS			POWER SYSTEM
SUN-SOFT	OPENWINDOWS	DEV-TOOL	APPL-MGMT	APPL DEVELOPMENT TOOLS
AMER-DYNAM	SURVEILLANCE	SURVEILLANCE	SURVEILLANCE	SURVEILLANCE EQUIPMENT
QUANTUM	SAN	SAN	SAN	STORAGE AREA NETWORK
NOVELL	NETWARE-5	NETWARE	NETWARE	LAN OPERATING SYSTEM
MINCOM	HUMAN-RES	HUMAN-RES	ENTPRISE-APP	HUMAN RESOURCES MANAGEMENT
UNSPECIFIED	ROUTER	ROUTER	ROUTER	ROUTER
ALTIRIS	ASSET-MGMT	ASSET-MGMT	SYSTEMS-MGMT	ASSET MANAGEMENT
HP	ASSET-MGMT	ASSET-MGMT	SYSTEMS-MGMT	ASSET MANAGEMENT
TRIPP-LITE	UPS			POWER SYSTEM
PEOPLESOFT	SUPPLY-CHAIN	SUPPLY-CHAIN	ENTPRISE-APP	SUPPLY CHAIN MANAGEMENT
UNSPECIFIED	HUMAN-RES	HUMAN-RES	ENTPRISE-APP	HUMAN RESOURCES MANAGEMENT
GENICOM	PRODUCTION	PRODUCTION	PRODUCTION	PRODUCTION PRINTER
INFORMATICA	EAI	EAI	WORKFLOW	ENTERPRISE APPL INTEGRATION
QAD	ERP-UNSPEC	ERP-UNSPEC	ENTPRISE-APP	UNSPECIFIED ERP MODULE
TANGENT	PORTABLE	PORTABLE	PC	PERSONAL PORTABLE COMPUTER
INTUITIVE	ACCOUNTING	ACCOUNTING	ENTPRISE-APP	ACCOUNTING
ORACLE	DESIGNER2000	DEV-TOOL	APPL-MGMT	APPL DEVELOPMENT TOOLS
HP	PATHWORKS-6	PATHWORKS	PATHWORKS	LAN OPERATING SYSTEM
NETSCAPE	GROUPWARE	GROUPWARE	OFFICE	GROUPWARE SOFTWARE
MICROSOFT	WINDOWS	WINDOWS	WINDOWS	OPERATING SYSTEM
INFORGLOBAL	ERP-UNSPEC	ERP-UNSPEC	ENTPRISE-APP	UNSPECIFIED ERP MODULE
EPSON	PRINTER	PRINTER	PRINTER	PRINTER
GEAC	ERP-UNSPEC	ERP-UNSPEC	ENTPRISE-APP	UNSPECIFIED ERP MODULE
PANASONIC	COPIER	COPIER	COPIER	OFFICE COPIER
CELLULARONE	CELLULAR	CELLULAR	CELLULAR	CELLULAR PROVIDER
DELL	DISK	DISK-DRIVE	DISK	DISK DRIVE
SASKTEL	VPN	VPN	VPN	VIRTUAL PRIVATE NETWORK
NCR	UNIX	UNIX	UNIX	OPERATING SYSTEM
CISCO	ENTPRISE-MGT	ENTPRISE-MGT	ENTPRISE-MGT	ENTERPRISE MANAGEMENT
SAP	DBMS	DBMS	DBMS-BI	DATABASE MANAGEMENT
HP	PRINTER	PRINTER	PRINTER	PRINTER
UNSPECIFIED	UPS			POWER SYSTEM
HP	MICROVAX	MICROVAX	MICROVAX	SERVER
WORKDAY	HUMAN-RES	HUMAN-RES	ENTPRISE-APP	HUMAN RESOURCES MANAGEMENT
SUN	DATA-CENTER	DATA-CENTER	ENTPRISE-MGT	ENTERPRISE MANAGEMENT
ZOHO	CRM	CRM/SFA	ENTPRISE-APP	CUSTOMER/SALESFORCE MGMT
SAVVIS	UNSPECIFIED	UNSPECIFIED	UNSPECIFIED	UNSPECIFIED LEASED LINE
CA	CA-TELON	DEV-TOOL	APPL-MGMT	APPL DEVELOPMENT TOOLS
NETSUPPORT	ASSET-MGMT	ASSET-MGMT	SYSTEMS-MGMT	ASSET MANAGEMENT
EMC	DISK	DISK-DRIVE	DISK	DISK DRIVE
DATAWORKS	EAI	EAI	WORKFLOW	ENTERPRISE APPL INTEGRATION
IBM	INFORMIX-RDS	DEV-TOOL	APPL-MGMT	APPL DEVELOPMENT TOOLS
ACER	DESKTOP	DESKTOP	PC	PERSONAL DESKTOP COMPUTER
ALLTEL	UNSPECIFIED	UNSPECIFIED	UNSPECIFIED	UNSPECIFIED LEASED LINE
LINKSYS	ROUTER	ROUTER	ROUTER	ROUTER
INTER-TEL	PHONE-SYS	PHONE-SYS	PHONE-SYS	PHONE SYSTEM
POSTGRESQL	DBMS	DBMS	DBMS-BI	DATABASE MANAGEMENT
SUN	SERVICES			SERVICES VENDOR
FUJITSU	WORKSTATION	WORKSTATION	WORKSTATION	HIGH PERFORMANCE WORKSTATION
HUMMINGBIRD	DOC-MGMT	DOC-MGMT	WORKFLOW	DOCUMENT MANAGEMENT
LIEBERT	UPS			POWER SYSTEM
DELL	SWITCH	SWITCH	SWITCH	LAN SWITCH
MAINTECH	MAINT	MAINT	MAINT	MAINTENANCE VENDOR
TOSHIBA	MAINT	MAINT	MAINT	MAINTENANCE VENDOR
OTHER	EAI	EAI	WORKFLOW	ENTERPRISE APPL INTEGRATION
3COM	SWITCH	SWITCH	SWITCH	LAN SWITCH
TELUS	FRAME-RELAY	FRAME-RELAY	FRAME-RELAY	FRAME RELAY SERVICE
IBM	CRM	CRM/SFA	ENTPRISE-APP	CUSTOMER/SALESFORCE MGMT
SIEMENS	SERVICES			SERVICES VENDOR
DELL	MAINT	MAINT	MAINT	MAINTENANCE VENDOR
AIDE	ID-MGMT	IDENTITY-MGT	SECURITY-MGT	IDENTITY MANAGEMENT
AT&T	MPLS	MPLS	MPLS	MULTIPROTCOL LABEL SWITCHING
IN-HOUSE	DESKTOP-MGMT	DESKTOP-MGMT	SYSTEMS-MGMT	DESKTOP MANAGEMENT TOOLS
SUN-SOFT	SUN1-STUDIO	DEV-TOOL	APPL-MGMT	APPL DEVELOPMENT TOOLS
3COM	MAINT	MAINT	MAINT	MAINTENANCE VENDOR
APPLE	PROP-SERVER	UNSPEC-SVR	PROP-SERVER	SERVER
VISIBILITY	ACCOUNTING	ACCOUNTING	ENTPRISE-APP	ACCOUNTING
BRAINS-TWO	MAINT	MAINT	MAINT	MAINTENANCE VENDOR
SUCCESSFACT	SAAS	SAAS	CLOUD-CMPTNG	SOFTWARE AS A SERVICE
NSTOR	NAS	DISK-NAS	NAS	NETWORK ATTACHED STORAGE
APPLE	SERVER	UNSPEC-SVR	SERVER	SERVER
OTHER	OPSYS	OPSYS	OPSYS	OPERATING SYSTEM
CA	BI	BI	DBMS-BI	BUSINESS INTELLIGENCE
GLOBALCROSS	ATM-SERV	ATM-SERV	ATM-SERV	ATM SERVICE
UNISYS	ES7000	ES7000	ES7000	SERVER
HP	ENTPRISE-MGT	ENTPRISE-MGT	ENTPRISE-MGT	ENTERPRISE MANAGEMENT
IN-HOUSE	SUPPLY-CHAIN	SUPPLY-CHAIN	ENTPRISE-APP	SUPPLY CHAIN MANAGEMENT
MITA	PRINTER	PRINTER	PRINTER	PRINTER
ENTERASYS	SWITCH	SWITCH	SWITCH	LAN SWITCH
IBM	Z/VM	Z/OS	Z/OS	OPERATING SYSTEM
GDATA	ANTI-VIRUS	ANTI-VIRUS	SECURITY-MGT	ANTI-VIRUS
TOSHIBA	DISK	DISK-DRIVE	DISK	DISK DRIVE
DELTEK	HUMAN-RES	HUMAN-RES	ENTPRISE-APP	HUMAN RESOURCES MANAGEMENT
AMER-POWER	UPS			POWER SYSTEM
TELUS	INET-ACCESS			INTERNET ACCESS PROVIDER
MICROSOFT	WIN/XP	WINDOWS	WINDOWS	OPERATING SYSTEM
MAPICS	CRM	CRM/SFA	ENTPRISE-APP	CUSTOMER/SALESFORCE MGMT
IN-HOUSE	SERVER-MGMT	SERVER-MGMT	SYSTEMS-MGMT	SERVER MANAGEMENT TOOLS
EPICOR	SUPPLY-CHAIN	SUPPLY-CHAIN	ENTPRISE-APP	SUPPLY CHAIN MANAGEMENT
MCI	LONG-DIST	LONG-DIST	LONG-DIST	LONG DISTANCE CARRIER
EXACT-SOFT	ACCOUNTING	ACCOUNTING	ENTPRISE-APP	ACCOUNTING
MT&T	LONG-DIST	LONG-DIST	LONG-DIST	LONG DISTANCE CARRIER
IBM	SYSTEM-X	SYSTEM-X	SYSTEM-X	SERVER
MCAFEE	STORAGE-MGMT	STORAGE-MGMT	STORAGE-MGMT	STORAGE MANAGEMENT
SYNCSORT	STORAGE-MGMT	STORAGE-MGMT	STORAGE-MGMT	STORAGE MANAGEMENT
DELL	SAAS-STORAGE	SAAS-STORAGE	CLOUD-CMPTNG	STORAGE AS A SERVICE
DELL	DESKTOP	DESKTOP	PC	PERSONAL DESKTOP COMPUTER
VISIBILITY	CRM	CRM/SFA	ENTPRISE-APP	CUSTOMER/SALESFORCE MGMT
COMMVAULT	STORAGE-MGMT	STORAGE-MGMT	STORAGE-MGMT	STORAGE MANAGEMENT
DELL	PHONE-SYS	PHONE-SYS	PHONE-SYS	PHONE SYSTEM
EDS	SERVICES			SERVICES VENDOR
HTE	ACCOUNTING	ACCOUNTING	ENTPRISE-APP	ACCOUNTING
3COM	PHONE-SYS	PHONE-SYS	PHONE-SYS	PHONE SYSTEM
DECISIONONE	MAINT	MAINT	MAINT	MAINTENANCE VENDOR
COMPILER	ASSEMBLER	DEV-TOOL	APPL-MGMT	APPL DEVELOPMENT TOOLS
MICROSOFT	HUMAN-RES	HUMAN-RES	ENTPRISE-APP	HUMAN RESOURCES MANAGEMENT
LEXMARK	COPIER	COPIER	COPIER	OFFICE COPIER
NETGEAR	NAS	DISK-NAS	NAS	NETWORK ATTACHED STORAGE
UNSPECIFIED	SERVER	UNSPEC-SVR	SERVER	SERVER
FRIEDMAN	SUPPLY-CHAIN	SUPPLY-CHAIN	ENTPRISE-APP	SUPPLY CHAIN MANAGEMENT
IN-HOUSE	BI	BI	DBMS-BI	BUSINESS INTELLIGENCE
OTHER	COLLABORATIV	COLLABORATIV	ENTPRISE-APP	COLLABORATIVE/INTEGRN SOFTWR
COMPILER	XML	DEV-TOOL	APPL-MGMT	APPL DEVELOPMENT TOOLS
OTHER	SURVEILLANCE	SURVEILLANCE	SURVEILLANCE	SURVEILLANCE EQUIPMENT
VERIZON	INET-ACCESS			INTERNET ACCESS PROVIDER
APPLE	APPLESHARE-3	APPLESHARE	APPLESHARE	LAN OPERATING SYSTEM
BT	MAINT	MAINT	MAINT	MAINTENANCE VENDOR
BELL-CANADA	SONET-SERV	SONET-SERV	SONET-SERV	SONET SERVICE
INTEL	ROUTER	ROUTER	ROUTER	ROUTER
SKYPE	UNIFIED-COMM	UNIFIED-COMM	UNIFIED-COMM	UNIFIED COMMUNICATIONS SRVS
UNSPECIFIED	ATM-SERV	ATM-SERV	ATM-SERV	ATM SERVICE
TURBOLINUX	LINUX	UNIX	UNIX	OPERATING SYSTEM
SEAGATE	NAS	DISK-NAS	NAS	NETWORK ATTACHED STORAGE
OTHER	PORTAL	PORTAL-MGMT	WORKFLOW	PORTAL MANAGEMENT
LOMBARDI	EAI	EAI	WORKFLOW	ENTERPRISE APPL INTEGRATION
MAPICS	ACCOUNTING	ACCOUNTING	ENTPRISE-APP	ACCOUNTING
VIGNETTE	PORTAL	PORTAL-MGMT	WORKFLOW	PORTAL MANAGEMENT
IN-HOUSE	SAAS	SAAS	CLOUD-CMPTNG	SOFTWARE AS A SERVICE
EXACT-SOFT	CRM	CRM/SFA	ENTPRISE-APP	CUSTOMER/SALESFORCE MGMT
AVAYA	ROUTER	ROUTER	ROUTER	ROUTER
SPRINT	UNSPECIFIED	UNSPECIFIED	UNSPECIFIED	UNSPECIFIED LEASED LINE
BANYAN	VINES-8	VINES	VINES	LAN OPERATING SYSTEM
INTENTIA	ACCOUNTING	ACCOUNTING	ENTPRISE-APP	ACCOUNTING
OTHER	DBMS	DBMS	DBMS-BI	DATABASE MANAGEMENT
ALLAIRE	COLD-FUSION	DEV-TOOL	APPL-MGMT	APPL DEVELOPMENT TOOLS
MICROSOFT	BI	BI	DBMS-BI	BUSINESS INTELLIGENCE
SAMSUNG	COPIER	COPIER	COPIER	OFFICE COPIER
MICROS	CRM	CRM/SFA	ENTPRISE-APP	CUSTOMER/SALESFORCE MGMT
IBM	360	360	360	IBM/PCM MAINFRAME
IBM	SERV500-S390	SERV500-S390	SERV500-S390	IBM/PCM MAINFRAME
UNSPECIFIED	COPIER	COPIER	COPIER	OFFICE COPIER
IN-HOUSE	HUMAN-RES	HUMAN-RES	ENTPRISE-APP	HUMAN RESOURCES MANAGEMENT
SHARP	COPIER	COPIER	COPIER	OFFICE COPIER
ORACLE	JDEVELOP-10G	DEV-TOOL	APPL-MGMT	APPL DEVELOPMENT TOOLS
MTS	FRAME-RELAY	FRAME-RELAY	FRAME-RELAY	FRAME RELAY SERVICE
VERIZON	LONG-DIST	LONG-DIST	LONG-DIST	LONG DISTANCE CARRIER
OTHER	MAINT	MAINT	MAINT	MAINTENANCE VENDOR
HP	PRODUCTION	PRODUCTION	PRODUCTION	PRODUCTION PRINTER
APPLE	MAC-OSX	MAC-OS	MAC-OS	OPERATING SYSTEM
VERTICENT	ERP-UNSPEC	ERP-UNSPEC	ENTPRISE-APP	UNSPECIFIED ERP MODULE
GROUP-1	DOC-MGMT	DOC-MGMT	WORKFLOW	DOCUMENT MANAGEMENT
IBM	AIX	UNIX	UNIX	OPERATING SYSTEM
SAP	EAI	EAI	WORKFLOW	ENTERPRISE APPL INTEGRATION
ACN	LONG-DIST	LONG-DIST	LONG-DIST	LONG DISTANCE CARRIER
SAP	ERP-UNSPEC	ERP-UNSPEC	ENTPRISE-APP	UNSPECIFIED ERP MODULE
RED-HAT	LINUX-ADVSVR	UNIX	UNIX	OPERATING SYSTEM
GENICOM	PRINTER	PRINTER	PRINTER	PRINTER
IBM	UNIFIED-COMM	UNIFIED-COMM	UNIFIED-COMM	UNIFIED COMMUNICATIONS SRVS
TELRAD	PHONE-SYS	PHONE-SYS	PHONE-SYS	PHONE SYSTEM
LANIER	PRINTER	PRINTER	PRINTER	PRINTER
MICROSOFT	SAAS	SAAS	CLOUD-CMPTNG	SOFTWARE AS A SERVICE
SALESFORCE	ERP-UNSPEC	ERP-UNSPEC	ENTPRISE-APP	UNSPECIFIED ERP MODULE
EPICOR	HUMAN-RES	HUMAN-RES	ENTPRISE-APP	HUMAN RESOURCES MANAGEMENT
ROSS	ERP-UNSPEC	ERP-UNSPEC	ENTPRISE-APP	UNSPECIFIED ERP MODULE
CISCO	STORAGE-MGMT	STORAGE-MGMT	STORAGE-MGMT	STORAGE MANAGEMENT
SHARED-COMM	LONG-DIST	LONG-DIST	LONG-DIST	LONG DISTANCE CARRIER
GATEWAY	DESKTOP	DESKTOP	PC	PERSONAL DESKTOP COMPUTER
GEOVISION	SURVEILLANCE	SURVEILLANCE	SURVEILLANCE	SURVEILLANCE EQUIPMENT
LENOVO	PORTABLE	PORTABLE	PC	PERSONAL PORTABLE COMPUTER
NORTEL	SWITCH	SWITCH	SWITCH	LAN SWITCH
AT&T	UNSPECIFIED	UNSPECIFIED	UNSPECIFIED	UNSPECIFIED LEASED LINE
DECISION	MAINT	MAINT	MAINT	MAINTENANCE VENDOR
CISCO	SAN	SAN	SAN	STORAGE AREA NETWORK
KONICA	COPIER	COPIER	COPIER	OFFICE COPIER
NORTEL	SONET-SERV	SONET-SERV	SONET-SERV	SONET SERVICE
MICROSOFT	SUPPLY-CHAIN	SUPPLY-CHAIN	ENTPRISE-APP	SUPPLY CHAIN MANAGEMENT
ZENITH	DESKTOP	DESKTOP	PC	PERSONAL DESKTOP COMPUTER
SPRINT	MPLS	MPLS	MPLS	MULTIPROTCOL LABEL SWITCHING
RED-HAT	LINUX-ENTSVR	UNIX	UNIX	OPERATING SYSTEM
CISCO	SERVICES			SERVICES VENDOR
UNSPECIFIED	LINUX	UNIX	UNIX	OPERATING SYSTEM
COMPILER	C++	DEV-TOOL	APPL-MGMT	APPL DEVELOPMENT TOOLS
MICROSOFT	WIN/95	WINDOWS	WINDOWS	OPERATING SYSTEM
COX	INET-ACCESS			INTERNET ACCESS PROVIDER
ZEBRA	PRINTER	PRINTER	PRINTER	PRINTER
NSG-DATACOM	ROUTER	ROUTER	ROUTER	ROUTER
OTHER	DESKTOP	DESKTOP	PC	PERSONAL DESKTOP COMPUTER
HP	PORTABLE	PORTABLE	PC	PERSONAL PORTABLE COMPUTER
IBM	SAAS-EMAIL	SAAS-EMAIL	CLOUD-CMPTNG	EMAIL AS A SERVICE
OTHER	SAAS-STORAGE	SAAS-STORAGE	CLOUD-CMPTNG	STORAGE AS A SERVICE
HITACHI	NAS	DISK-NAS	NAS	NETWORK ATTACHED STORAGE
OTHER	PHONE-SYS	PHONE-SYS	PHONE-SYS	PHONE SYSTEM
MSN	INET-ACCESS			INTERNET ACCESS PROVIDER
TELCO	UNSPECIFIED	UNSPECIFIED	UNSPECIFIED	UNSPECIFIED LEASED LINE
CISCO	DATA-CENTER	DATA-CENTER	ENTPRISE-MGT	ENTERPRISE MANAGEMENT
MICROSOFT	DESKTOP-MGMT	DESKTOP-MGMT	SYSTEMS-MGMT	DESKTOP MANAGEMENT TOOLS
BORLAND	C++	DEV-TOOL	APPL-MGMT	APPL DEVELOPMENT TOOLS
NORTEL	VIDEO-CONF	VIDEO-CONF	VIDEO-CONF	VIDEO CONFERENCING
MTS	CELLULAR	CELLULAR	CELLULAR	CELLULAR PROVIDER
TELUS	LONG-DIST	LONG-DIST	LONG-DIST	LONG DISTANCE CARRIER
COMPILER	DIBOL	DEV-TOOL	APPL-MGMT	APPL DEVELOPMENT TOOLS
TANDBERG	VIDEO-CONF	VIDEO-CONF	VIDEO-CONF	VIDEO CONFERENCING
IBM	INTEL-SERVER	UNSPEC-SVR	INTEL-SERVER	SERVER
ADIC	SAN	SAN	SAN	STORAGE AREA NETWORK
UNIFY	DBMS	DBMS	DBMS-BI	DATABASE MANAGEMENT
MICROSOFT	SERVER-MGMT	SERVER-MGMT	SYSTEMS-MGMT	SERVER MANAGEMENT TOOLS
OPSWARE	ASSET-MGMT	ASSET-MGMT	SYSTEMS-MGMT	ASSET MANAGEMENT
SAP	APP-SERVER	APP-SERVER	WORKFLOW	APPLICATION SERVER SOFTWARE
IBM	RISC-SERVER	UNSPEC-SVR	RISC-SERVER	SERVER
TELRAD	MAINT	MAINT	MAINT	MAINTENANCE VENDOR
FRONTRANGE	CRM	CRM/SFA	ENTPRISE-APP	CUSTOMER/SALESFORCE MGMT
FUJITSU	SERVER	UNSPEC-SVR	SERVER	SERVER
MCI	INET-ACCESS			INTERNET ACCESS PROVIDER
CITRIX	PORTAL	PORTAL-MGMT	WORKFLOW	PORTAL MANAGEMENT
OTHER	DOC-MGMT	DOC-MGMT	WORKFLOW	DOCUMENT MANAGEMENT
NCR	MAINT	MAINT	MAINT	MAINTENANCE VENDOR
CABLE&WIRE	VPN	VPN	VPN	VIRTUAL PRIVATE NETWORK
IBM	MVS	MVS	MVS	OPERATING SYSTEM
CENTURYLINK	MPLS	MPLS	MPLS	MULTIPROTCOL LABEL SWITCHING
IBM	AIX-5L	UNIX	UNIX	OPERATING SYSTEM
ALLTEL	LONG-DIST	LONG-DIST	LONG-DIST	LONG DISTANCE CARRIER
NETSUITE	CRM	CRM/SFA	ENTPRISE-APP	CUSTOMER/SALESFORCE MGMT
HP	VMS	VMS	VMS	OPERATING SYSTEM
AT&T	CELLULAR	CELLULAR	CELLULAR	CELLULAR PROVIDER
SYMANTEC	STORAGE-MGMT	STORAGE-MGMT	STORAGE-MGMT	STORAGE MANAGEMENT
MCI	ATM-SERV	ATM-SERV	ATM-SERV	ATM SERVICE
NORTEL	VPN	VPN	VPN	VIRTUAL PRIVATE NETWORK
ACER	MIDRANGE	MIDRANGE	MIDRANGE	SERVER
MICROSOFT	NT-SERVER4	NT-SERVER	NT-SERVER	OPERATING SYSTEM
UNSPECIFIED	PORTABLE	PORTABLE	PC	PERSONAL PORTABLE COMPUTER
IBM	ES-9000	ES-9000	ES-9000	IBM/PCM MAINFRAME
MICROSOFT	STORAGE-MGMT	STORAGE-MGMT	STORAGE-MGMT	STORAGE MANAGEMENT
UNISYS	SERVER	UNSPEC-SVR	SERVER	SERVER
CA	ASSET-MGMT	ASSET-MGMT	SYSTEMS-MGMT	ASSET MANAGEMENT
CISCO	SAAS	SAAS	CLOUD-CMPTNG	SOFTWARE AS A SERVICE
UUNET	VPN	VPN	VPN	VIRTUAL PRIVATE NETWORK
CANON	PRINTER	PRINTER	PRINTER	PRINTER
PACKAGEDEAL	ACCOUNTING	ACCOUNTING	ENTPRISE-APP	ACCOUNTING
TELCO	FRAME-RELAY	FRAME-RELAY	FRAME-RELAY	FRAME RELAY SERVICE
MADE2MANAGE	CRM	CRM/SFA	ENTPRISE-APP	CUSTOMER/SALESFORCE MGMT
JD-EDWARDS	SUPPLY-CHAIN	SUPPLY-CHAIN	ENTPRISE-APP	SUPPLY CHAIN MANAGEMENT
ASAP-SFTWR	ASSET-MGMT	ASSET-MGMT	SYSTEMS-MGMT	ASSET MANAGEMENT
TIME-WARNER	UNSPECIFIED	UNSPECIFIED	UNSPECIFIED	UNSPECIFIED LEASED LINE
IBM	PCS/ADS	DEV-TOOL	APPL-MGMT	APPL DEVELOPMENT TOOLS
SPECT-LOGIC	TAPE-LIBRARY	TAPE-LIBRARY	TAPE	TAPE LIBRARY
SALESLOGIX	CRM	CRM/SFA	ENTPRISE-APP	CUSTOMER/SALESFORCE MGMT
BUS-OBJECTS	DBMS	DBMS	DBMS-BI	DATABASE MANAGEMENT
ULTIMUS	EAI	EAI	WORKFLOW	ENTERPRISE APPL INTEGRATION
ADP	MAINT	MAINT	MAINT	MAINTENANCE VENDOR
AT&T	FRAME-RELAY	FRAME-RELAY	FRAME-RELAY	FRAME RELAY SERVICE
HP	COPIER	COPIER	COPIER	OFFICE COPIER
EXACT-SOFT	ERP-UNSPEC	ERP-UNSPEC	ENTPRISE-APP	UNSPECIFIED ERP MODULE
HP	PATHWORKS	PATHWORKS	PATHWORKS	LAN OPERATING SYSTEM
STORAGETEK	SAN	SAN	SAN	STORAGE AREA NETWORK
UNSPECIFIED	PRODUCTION	PRODUCTION	PRODUCTION	PRODUCTION PRINTER
UNSPECIFIED	LONG-DIST	LONG-DIST	LONG-DIST	LONG DISTANCE CARRIER
FILEMAKER	DBMS	DBMS	DBMS-BI	DATABASE MANAGEMENT
IBM	COLLABORATIV	COLLABORATIV	ENTPRISE-APP	COLLABORATIVE/INTEGRN SOFTWR
IN-HOUSE	ASSET-MGMT	ASSET-MGMT	SYSTEMS-MGMT	ASSET MANAGEMENT
GETRONICS	SERVICES			SERVICES VENDOR
HITACHI	DISK	DISK-DRIVE	DISK	DISK DRIVE
APPLE	PORTABLE	PORTABLE	PC	PERSONAL PORTABLE COMPUTER
SUN	SERVER	UNSPEC-SVR	SERVER	SERVER
BLACKBOX	ROUTER	ROUTER	ROUTER	ROUTER
MTS	UNSPECIFIED	UNSPECIFIED	UNSPECIFIED	UNSPECIFIED LEASED LINE
QWEST	LONG-DIST	LONG-DIST	LONG-DIST	LONG DISTANCE CARRIER
IBM	PORTAL	PORTAL-MGMT	WORKFLOW	PORTAL MANAGEMENT
TELCO	CELLULAR	CELLULAR	CELLULAR	CELLULAR PROVIDER
BARRACUDA	ANTI-VIRUS	ANTI-VIRUS	SECURITY-MGT	ANTI-VIRUS
MADE2MANAGE	ACCOUNTING	ACCOUNTING	ENTPRISE-APP	ACCOUNTING
ONYX	CRM	CRM/SFA	ENTPRISE-APP	CUSTOMER/SALESFORCE MGMT
JAVASOFT	JAVAWORKSHOP	DEV-TOOL	APPL-MGMT	APPL DEVELOPMENT TOOLS
PANASONIC	PRINTER	PRINTER	PRINTER	PRINTER
UUNET	ID-MGMT	IDENTITY-MGT	SECURITY-MGT	IDENTITY MANAGEMENT
IBM	SYSTEM/3X	SYSTEM38	SYSTEM/3X	SERVER
VISIBILITY	ERP-UNSPEC	ERP-UNSPEC	ENTPRISE-APP	UNSPECIFIED ERP MODULE
MICROSOFT	SERVICES			SERVICES VENDOR
HP	1000	1000	1000	SERVER
D-LINK	SWITCH	SWITCH	SWITCH	LAN SWITCH
DELL	INTEL-SERVER	UNSPEC-SVR	INTEL-SERVER	SERVER
CA	STORAGE-MGMT	STORAGE-MGMT	STORAGE-MGMT	STORAGE MANAGEMENT
NETAPP	NAS	DISK-NAS	NAS	NETWORK ATTACHED STORAGE
APEX	CRM	CRM/SFA	ENTPRISE-APP	CUSTOMER/SALESFORCE MGMT
SEAGATE	TAPE-LIBRARY	TAPE-LIBRARY	TAPE	TAPE LIBRARY
HARRIS-DAT	HUMAN-RES	HUMAN-RES	ENTPRISE-APP	HUMAN RESOURCES MANAGEMENT
IBM	DBMS	DBMS	DBMS-BI	DATABASE MANAGEMENT
SPRINT	FRAME-RELAY	FRAME-RELAY	FRAME-RELAY	FRAME RELAY SERVICE
EMC	AVIION	AVIION	AVIION	SERVER
SAP	CRM	CRM/SFA	ENTPRISE-APP	CUSTOMER/SALESFORCE MGMT
M-TECH	ID-MGMT	IDENTITY-MGT	SECURITY-MGT	IDENTITY MANAGEMENT
SALESFORCE	CRM	CRM/SFA	ENTPRISE-APP	CUSTOMER/SALESFORCE MGMT
HP	SERVER	UNSPEC-SVR	SERVER	SERVER
UNSPECIFIED	INET-ACCESS			INTERNET ACCESS PROVIDER
ROSS	CRM	CRM/SFA	ENTPRISE-APP	CUSTOMER/SALESFORCE MGMT
IBM	MAINT	MAINT	MAINT	MAINTENANCE VENDOR
JD-EDWARDS	HUMAN-RES	HUMAN-RES	ENTPRISE-APP	HUMAN RESOURCES MANAGEMENT
VERTICENT	CRM	CRM/SFA	ENTPRISE-APP	CUSTOMER/SALESFORCE MGMT
MANNESMANN	PRODUCTION	PRODUCTION	PRODUCTION	PRODUCTION PRINTER
UBUNTU	LINUX	UNIX	UNIX	OPERATING SYSTEM
COMPILER	CGI	DEV-TOOL	APPL-MGMT	APPL DEVELOPMENT TOOLS
SYBARI	ANTI-VIRUS	ANTI-VIRUS	SECURITY-MGT	ANTI-VIRUS
MANDRAKE	LINUX	UNIX	UNIX	OPERATING SYSTEM
OTHER	UNIFIED-COMM	UNIFIED-COMM	UNIFIED-COMM	UNIFIED COMMUNICATIONS SRVS
GENESYS	HUMAN-RES	HUMAN-RES	ENTPRISE-APP	HUMAN RESOURCES MANAGEMENT
BELLSOUTH	LONG-DIST	LONG-DIST	LONG-DIST	LONG DISTANCE CARRIER
FUJITSU	PORTABLE	PORTABLE	PC	PERSONAL PORTABLE COMPUTER
TIMBERLINE	HUMAN-RES	HUMAN-RES	ENTPRISE-APP	HUMAN RESOURCES MANAGEMENT
AT&T-CANADA	LONG-DIST	LONG-DIST	LONG-DIST	LONG DISTANCE CARRIER
ALARM-TRAQ	MAINT	MAINT	MAINT	MAINTENANCE VENDOR
SASKTEL	PHONE-SYS	PHONE-SYS	PHONE-SYS	PHONE SYSTEM
IN-HOUSE	STORAGE-MGMT	STORAGE-MGMT	STORAGE-MGMT	STORAGE MANAGEMENT
ACCOUNTMATE	ACCOUNTING	ACCOUNTING	ENTPRISE-APP	ACCOUNTING
SAP	ABAP	DEV-TOOL	APPL-MGMT	APPL DEVELOPMENT TOOLS
BELL-CANADA	VPN	VPN	VPN	VIRTUAL PRIVATE NETWORK
TELUS	ATM-SERV	ATM-SERV	ATM-SERV	ATM SERVICE
SAP	ACCOUNTING	ACCOUNTING	ENTPRISE-APP	ACCOUNTING
IBM	3090	3090	3090	IBM/PCM MAINFRAME
IBM	DESKTOP	DESKTOP	PC	PERSONAL DESKTOP COMPUTER
COGNOS	POWERHOUSE	DEV-TOOL	APPL-MGMT	APPL DEVELOPMENT TOOLS
SBC	MAINT	MAINT	MAINT	MAINTENANCE VENDOR
IBM	SAAS-STORAGE	SAAS-STORAGE	CLOUD-CMPTNG	STORAGE AS A SERVICE
OTHER	SAAS-EMAIL	SAAS-EMAIL	CLOUD-CMPTNG	EMAIL AS A SERVICE
ROSS	ACCOUNTING	ACCOUNTING	ENTPRISE-APP	ACCOUNTING
UNSPECIFIED	ENTPRISE-MGT	ENTPRISE-MGT	ENTPRISE-MGT	ENTERPRISE MANAGEMENT
SGI	SERVER	UNSPEC-SVR	SERVER	SERVER
GLOBALCROSS	INET-ACCESS			INTERNET ACCESS PROVIDER
RSASECURITY	ID-MGMT	IDENTITY-MGT	SECURITY-MGT	IDENTITY MANAGEMENT
APPLE	APPLESHARE	APPLESHARE	APPLESHARE	LAN OPERATING SYSTEM
CINCOM	DBMS	DBMS	DBMS-BI	DATABASE MANAGEMENT
VERTICENT	ACCOUNTING	ACCOUNTING	ENTPRISE-APP	ACCOUNTING
MICROSOFT	W2000-DCSVR	W2000-SERVER	W2000-SERVER	OPERATING SYSTEM
SEAGATE	DISK	DISK-DRIVE	DISK	DISK DRIVE
MICROSOFT	C++	DEV-TOOL	APPL-MGMT	APPL DEVELOPMENT TOOLS
OTHER	INTEL-SERVER	UNSPEC-SVR	INTEL-SERVER	SERVER
ALLIED	SWITCH	SWITCH	SWITCH	LAN SWITCH
CORP-COMP	MAINT	MAINT	MAINT	MAINTENANCE VENDOR
CYBORG	HUMAN-RES	HUMAN-RES	ENTPRISE-APP	HUMAN RESOURCES MANAGEMENT
PRINTRONIX	PRINTER	PRINTER	PRINTER	PRINTER
NETGEAR	SWITCH	SWITCH	SWITCH	LAN SWITCH
SCO	LINUX	UNIX	UNIX	OPERATING SYSTEM
INTENTIA	ERP-UNSPEC	ERP-UNSPEC	ENTPRISE-APP	UNSPECIFIED ERP MODULE
IBM	DOC-MGMT	DOC-MGMT	WORKFLOW	DOCUMENT MANAGEMENT
CISCO	ROUTER	ROUTER	ROUTER	ROUTER
SAP	DEV-TOOL	DEV-TOOL	APPL-MGMT	APPL DEVELOPMENT TOOLS
KYOCERA	COPIER	COPIER	COPIER	OFFICE COPIER
DELL	WORKSTATION	WORKSTATION	WORKSTATION	HIGH PERFORMANCE WORKSTATION
DELL	DESKTOP-MGMT	DESKTOP-MGMT	SYSTEMS-MGMT	DESKTOP MANAGEMENT TOOLS
AXS-ONE	ACCOUNTING	ACCOUNTING	ENTPRISE-APP	ACCOUNTING
SUN	NAS	DISK-NAS	NAS	NETWORK ATTACHED STORAGE
GEAC	HUMAN-RES	HUMAN-RES	ENTPRISE-APP	HUMAN RESOURCES MANAGEMENT
CITRIX	DESKTOP-MGMT	DESKTOP-MGMT	SYSTEMS-MGMT	DESKTOP MANAGEMENT TOOLS
PEGASUS	CRM	CRM/SFA	ENTPRISE-APP	CUSTOMER/SALESFORCE MGMT
UNSPECIFIED	ERP-UNSPEC	ERP-UNSPEC	ENTPRISE-APP	UNSPECIFIED ERP MODULE
IN-HOUSE	DBMS	DBMS	DBMS-BI	DATABASE MANAGEMENT
MICROSOFT	COLLABORATIV	COLLABORATIV	ENTPRISE-APP	COLLABORATIVE/INTEGRN SOFTWR
MINCOM	ERP-UNSPEC	ERP-UNSPEC	ENTPRISE-APP	UNSPECIFIED ERP MODULE
OTHER	HUMAN-RES	HUMAN-RES	ENTPRISE-APP	HUMAN RESOURCES MANAGEMENT
RATIONAL	RATIONAL	DEV-TOOL	APPL-MGMT	APPL DEVELOPMENT TOOLS
IFS	ACCOUNTING	ACCOUNTING	ENTPRISE-APP	ACCOUNTING
BEST-SFTWR	SUPPLY-CHAIN	SUPPLY-CHAIN	ENTPRISE-APP	SUPPLY CHAIN MANAGEMENT
COMPILER	DBL	DEV-TOOL	APPL-MGMT	APPL DEVELOPMENT TOOLS
IBM	DATA-CENTER	DATA-CENTER	ENTPRISE-MGT	ENTERPRISE MANAGEMENT
KRONOS	HUMAN-RES	HUMAN-RES	ENTPRISE-APP	HUMAN RESOURCES MANAGEMENT
FUJITSU	DISK	DISK-DRIVE	DISK	DISK DRIVE
TOSHIBA	COPIER	COPIER	COPIER	OFFICE COPIER
SAS	BI	BI	DBMS-BI	BUSINESS INTELLIGENCE
UNSPECIFIED	EAI	EAI	WORKFLOW	ENTERPRISE APPL INTEGRATION
IBM	SERVICES			SERVICES VENDOR
TELUS	ETHERNET	ETHERNET	ETHERNET	ETHERNET NETWORK
IBM	BLADECENTER	BLADECENTER	BLADECENTER	SERVER
UNSPECIFIED	APP-SERVER	APP-SERVER	WORKFLOW	APPLICATION SERVER SOFTWARE
PANASONIC	PHONE-SYS	PHONE-SYS	PHONE-SYS	PHONE SYSTEM
IN-HOUSE	PHONE-SYS	PHONE-SYS	PHONE-SYS	PHONE SYSTEM
FUJITSU	TAPE-LIBRARY	TAPE-LIBRARY	TAPE	TAPE LIBRARY
SYSPRO	ACCOUNTING	ACCOUNTING	ENTPRISE-APP	ACCOUNTING
EMBARQ	UNSPECIFIED	UNSPECIFIED	UNSPECIFIED	UNSPECIFIED LEASED LINE
IBM	STORAGE-MGMT	STORAGE-MGMT	STORAGE-MGMT	STORAGE MANAGEMENT
RED-HAT	LINUX-WS	UNIX	UNIX	OPERATING SYSTEM
INFOR	ACCOUNTING	ACCOUNTING	ENTPRISE-APP	ACCOUNTING
LAWSON	ACCOUNTING	ACCOUNTING	ENTPRISE-APP	ACCOUNTING
SONY	DISK	DISK-DRIVE	DISK	DISK DRIVE
ADVANTIS	SERVICES			SERVICES VENDOR
MCI	VPN	VPN	VPN	VIRTUAL PRIVATE NETWORK
CABLE&WIRE	INET-ACCESS			INTERNET ACCESS PROVIDER
BEA-SYSTEMS	WEBLOGIC-WS	DEV-TOOL	APPL-MGMT	APPL DEVELOPMENT TOOLS
EXTREME	ROUTER	ROUTER	ROUTER	ROUTER
SIEMENS	ACCOUNTING	ACCOUNTING	ENTPRISE-APP	ACCOUNTING
NORTEL	ATM-SERV	ATM-SERV	ATM-SERV	ATM SERVICE
UNSPECIFIED	UNIX	UNIX	UNIX	OPERATING SYSTEM
BEA-SYSTEMS	EAI	EAI	WORKFLOW	ENTERPRISE APPL INTEGRATION
UNSPECIFIED	DISK	DISK-DRIVE	DISK	DISK DRIVE
PEOPLESOFT	ERP-UNSPEC	ERP-UNSPEC	ENTPRISE-APP	UNSPECIFIED ERP MODULE
OTHER	SUPPLY-CHAIN	SUPPLY-CHAIN	ENTPRISE-APP	SUPPLY CHAIN MANAGEMENT
NB-XYPLEX	SWITCH	SWITCH	SWITCH	LAN SWITCH
3COM	ROUTER	ROUTER	ROUTER	ROUTER
GEAC	SUPPLY-CHAIN	SUPPLY-CHAIN	ENTPRISE-APP	SUPPLY CHAIN MANAGEMENT
EQUANT	MPLS	MPLS	MPLS	MULTIPROTCOL LABEL SWITCHING
WEBEX	COLLABORATIV	COLLABORATIV	ENTPRISE-APP	COLLABORATIVE/INTEGRN SOFTWR
DELL	ROUTER	ROUTER	ROUTER	ROUTER
SASKTEL	FRAME-RELAY	FRAME-RELAY	FRAME-RELAY	FRAME RELAY SERVICE
CABLE&WIRE	LONG-DIST	LONG-DIST	LONG-DIST	LONG DISTANCE CARRIER
ARTISOFT	LANTASTIC	LANTASTIC	LANTASTIC	LAN OPERATING SYSTEM
MICROSOFT	WIN2000	WINDOWS	WINDOWS	OPERATING SYSTEM
SSA	CRM	CRM/SFA	ENTPRISE-APP	CUSTOMER/SALESFORCE MGMT
ROGERS	CELLULAR	CELLULAR	CELLULAR	CELLULAR PROVIDER
IBM	SYMMETRY	SYMMETRY	SYMMETRY	SERVER
UNSPECIFIED	IBM/PCM-MF	IBM/PCM-MF	IBM/PCM-MF	IBM/PCM MAINFRAME
BEST-SFTWR	HUMAN-RES	HUMAN-RES	ENTPRISE-APP	HUMAN RESOURCES MANAGEMENT
APPLE	APPLESHARE-4	APPLESHARE	APPLESHARE	LAN OPERATING SYSTEM
TELUS	VPN	VPN	VPN	VIRTUAL PRIVATE NETWORK
ACCPAC	HUMAN-RES	HUMAN-RES	ENTPRISE-APP	HUMAN RESOURCES MANAGEMENT
TELOS	MAINT	MAINT	MAINT	MAINTENANCE VENDOR
APPLIX	GROUPWARE	GROUPWARE	OFFICE	GROUPWARE SOFTWARE
SUNGARD	SERVICES			SERVICES VENDOR
HP	NAS	DISK-NAS	NAS	NETWORK ATTACHED STORAGE
IBM	3080	3080	3080	IBM/PCM MAINFRAME
NOVELL	INTRANETWARE	NETWARE	NETWARE	LAN OPERATING SYSTEM
MGE	UPS			POWER SYSTEM
IBM	ASSET-MGMT	ASSET-MGMT	SYSTEMS-MGMT	ASSET MANAGEMENT
OTHER	BI	BI	DBMS-BI	BUSINESS INTELLIGENCE
PROFITKEY	ERP-UNSPEC	ERP-UNSPEC	ENTPRISE-APP	UNSPECIFIED ERP MODULE
IBM	WEBSPHERE-AD	DEV-TOOL	APPL-MGMT	APPL DEVELOPMENT TOOLS
SUSE	LINUX-ENTSVR	UNIX	UNIX	OPERATING SYSTEM
SASKTEL	CELLULAR	CELLULAR	CELLULAR	CELLULAR PROVIDER
HP	PROSIGNIA	PROSIGNIA	PROSIGNIA	SERVER
GLOBALCROSS	SONET-SERV	SONET-SERV	SONET-SERV	SONET SERVICE
DATAWORKS	BI	BI	DBMS-BI	BUSINESS INTELLIGENCE
UNSPECIFIED	GROUPWARE	GROUPWARE	OFFICE	GROUPWARE SOFTWARE
INFORMATICA	BI	BI	DBMS-BI	BUSINESS INTELLIGENCE
UNSPECIFIED	TAPE-LIBRARY	TAPE-LIBRARY	TAPE	TAPE LIBRARY
BOXX	WORKSTATION	WORKSTATION	WORKSTATION	HIGH PERFORMANCE WORKSTATION
MICROSOFT	WIN/WORKGRPS	WIN/WORKGRPS	WIN/WORKGRPS	OPERATING SYSTEM
OTHER	SAAS	SAAS	CLOUD-CMPTNG	SOFTWARE AS A SERVICE
IBM	OS/2	OS/2	OS/2	OPERATING SYSTEM
UNSPECIFIED	SOFT-CONFIG	SOFT-CONFIG	APPL-MGMT	SOFTWARE CONFIGURATION MGMT
CENTURA	SQLWINDOWS	DEV-TOOL	APPL-MGMT	APPL DEVELOPMENT TOOLS
BEA-SYSTEMS	APP-SERVER	APP-SERVER	WORKFLOW	APPLICATION SERVER SOFTWARE
MITEL	UNIFIED-COMM	UNIFIED-COMM	UNIFIED-COMM	UNIFIED COMMUNICATIONS SRVS
IBM	OS/400	OS/400	OS/400	OPERATING SYSTEM
IN-HOUSE	PORTAL	PORTAL-MGMT	WORKFLOW	PORTAL MANAGEMENT
MICROSOFT	W2000-ADVSVR	W2000-SERVER	W2000-SERVER	OPERATING SYSTEM
BMC	STORAGE-MGMT	STORAGE-MGMT	STORAGE-MGMT	STORAGE MANAGEMENT
BEST-POWER	UPS			POWER SYSTEM
ORACLE	ACCOUNTING	ACCOUNTING	ENTPRISE-APP	ACCOUNTING
HP	3000	3000	3000	SERVER
POWERWARE	UPS			POWER SYSTEM
UNSPECIFIED	VPN	VPN	VPN	VIRTUAL PRIVATE NETWORK
NOVELL	NETWARE-3	NETWARE	NETWARE	LAN OPERATING SYSTEM
IBM	HUMAN-RES	HUMAN-RES	ENTPRISE-APP	HUMAN RESOURCES MANAGEMENT
SMS	MAINT	MAINT	MAINT	MAINTENANCE VENDOR
HP	OPENVMS	VMS	VMS	OPERATING SYSTEM
XEROX	PRODUCTION	PRODUCTION	PRODUCTION	PRODUCTION PRINTER
	GIGAETHER1			1 GIGAETHERNET
INTUIT	ERP-UNSPEC	ERP-UNSPEC	ENTPRISE-APP	UNSPECIFIED ERP MODULE
UNISYS	OS	OS	OS	OPERATING SYSTEM
CISCO	PHONE-SYS	PHONE-SYS	PHONE-SYS	PHONE SYSTEM
OTHER	DATA-CENTER	DATA-CENTER	ENTPRISE-MGT	ENTERPRISE MANAGEMENT
COGNOS	BI	BI	DBMS-BI	BUSINESS INTELLIGENCE
NEC	PORTABLE	PORTABLE	PC	PERSONAL PORTABLE COMPUTER
ACC-BUSINES	LONG-DIST	LONG-DIST	LONG-DIST	LONG DISTANCE CARRIER
SUGAR-CRM	CRM	CRM/SFA	ENTPRISE-APP	CUSTOMER/SALESFORCE MGMT
OTHER	SERVICES			SERVICES VENDOR
UNSPECIFIED	CRM	CRM/SFA	ENTPRISE-APP	CUSTOMER/SALESFORCE MGMT
QWEST	VPN	VPN	VPN	VIRTUAL PRIVATE NETWORK
SCO	UNIX	UNIX	UNIX	OPERATING SYSTEM
NORTEL	LONG-DIST	LONG-DIST	LONG-DIST	LONG DISTANCE CARRIER
UNSPECIFIED	DEV-TOOL	DEV-TOOL	APPL-MGMT	APPL DEVELOPMENT TOOLS
OTHER	STORAGE-MGMT	STORAGE-MGMT	STORAGE-MGMT	STORAGE MANAGEMENT
HP	NONSTOP	NONSTOP	NONSTOP	SERVER
CISCO	MAINT	MAINT	MAINT	MAINTENANCE VENDOR
UNSPECIFIED	ID-MGMT	IDENTITY-MGT	SECURITY-MGT	IDENTITY MANAGEMENT
AT&T	UNIFIED-COMM	UNIFIED-COMM	UNIFIED-COMM	UNIFIED COMMUNICATIONS SRVS
IBM	MAINFRAME	MAINFRAME	MAINFRAME	IBM/PCM MAINFRAME
HP	SWITCH	SWITCH	SWITCH	LAN SWITCH
MICROSOFT	WIN/98	WINDOWS	WINDOWS	OPERATING SYSTEM
UNSPECIFIED	LAN-OPSYS	LAN-OPSYS	LAN-OPSYS	LAN OPERATING SYSTEM
IBM	MVS/ESA	MVS	MVS	OPERATING SYSTEM
IBM	PSERIES	PSERIES-6XX	PSERIES	SERVER
BUS-OBJECTS	BI	BI	DBMS-BI	BUSINESS INTELLIGENCE
MICROSOFT	INTERDEV	DEV-TOOL	APPL-MGMT	APPL DEVELOPMENT TOOLS
NOVELL	ASSET-MGMT	ASSET-MGMT	SYSTEMS-MGMT	ASSET MANAGEMENT
IBM	Z/OS	Z/OS	Z/OS	OPERATING SYSTEM
DELL	PRINTER	PRINTER	PRINTER	PRINTER
HITACHI	SERVER	UNSPEC-SVR	SERVER	SERVER
ATX	LONG-DIST	LONG-DIST	LONG-DIST	LONG DISTANCE CARRIER
OTHER	FRAME-RELAY	FRAME-RELAY	FRAME-RELAY	FRAME RELAY SERVICE
UNILOG	CRM	CRM/SFA	ENTPRISE-APP	CUSTOMER/SALESFORCE MGMT
FOUNDRY	SWITCH	SWITCH	SWITCH	LAN SWITCH
UNSPECIFIED	ETHERNET	ETHERNET	ETHERNET	ETHERNET NETWORK
MICROSOFT	SAAS-EMAIL	SAAS-EMAIL	CLOUD-CMPTNG	EMAIL AS A SERVICE
EXTOL	EAI	EAI	WORKFLOW	ENTERPRISE APPL INTEGRATION
RICOH	COPIER	COPIER	COPIER	OFFICE COPIER
JUNIPER	ROUTER	ROUTER	ROUTER	ROUTER
QUANTUM	TAPE-LIBRARY	TAPE-LIBRARY	TAPE	TAPE LIBRARY
IBM	9000	9000	9000	IBM/PCM MAINFRAME
DANTZ	STORAGE-MGMT	STORAGE-MGMT	STORAGE-MGMT	STORAGE MANAGEMENT
PEOPLESOFT	CRM	CRM/SFA	ENTPRISE-APP	CUSTOMER/SALESFORCE MGMT
TOSHIBA	PORTABLE	PORTABLE	PC	PERSONAL PORTABLE COMPUTER
INTER-TEL	LONG-DIST	LONG-DIST	LONG-DIST	LONG DISTANCE CARRIER
QWEST	ETHERNET	ETHERNET	ETHERNET	ETHERNET NETWORK
NORTEL	ENTPRISE-MGT	ENTPRISE-MGT	ENTPRISE-MGT	ENTERPRISE MANAGEMENT
AMS	ACCOUNTING	ACCOUNTING	ENTPRISE-APP	ACCOUNTING
IBM	BI	BI	DBMS-BI	BUSINESS INTELLIGENCE
OTHER	ASSET-MGMT	ASSET-MGMT	SYSTEMS-MGMT	ASSET MANAGEMENT
QUANTUM	DISK	DISK-DRIVE	DISK	DISK DRIVE
ASANTE	SWITCH	SWITCH	SWITCH	LAN SWITCH
XO	UNSPECIFIED	UNSPECIFIED	UNSPECIFIED	UNSPECIFIED LEASED LINE
COMPILER	PL1	DEV-TOOL	APPL-MGMT	APPL DEVELOPMENT TOOLS
OCE	COPIER	COPIER	COPIER	OFFICE COPIER
OTHER	CELLULAR	CELLULAR	CELLULAR	CELLULAR PROVIDER
AVOCENT	ASSET-MGMT	ASSET-MGMT	SYSTEMS-MGMT	ASSET MANAGEMENT
CORTELCO	PHONE-SYS	PHONE-SYS	PHONE-SYS	PHONE SYSTEM
MOTOROLA	ROUTER	ROUTER	ROUTER	ROUTER
IBM	SYSTEM-I	SYSTEM-I	SYSTEM-I	SERVER
AVAYA	UNIFIED-COMM	UNIFIED-COMM	UNIFIED-COMM	UNIFIED COMMUNICATIONS SRVS
BRAIN	ACCOUNTING	ACCOUNTING	ENTPRISE-APP	ACCOUNTING
DELL	SAN	SAN	SAN	STORAGE AREA NETWORK
MICROSOFT	UNIFIED-COMM	UNIFIED-COMM	UNIFIED-COMM	UNIFIED COMMUNICATIONS SRVS
EDS	MAINT	MAINT	MAINT	MAINTENANCE VENDOR
BEA-SYSTEMS	DEV-TOOL	DEV-TOOL	APPL-MGMT	APPL DEVELOPMENT TOOLS
IBM	SAAS	SAAS	CLOUD-CMPTNG	SOFTWARE AS A SERVICE
COMPILER	VBSCRIPT	DEV-TOOL	APPL-MGMT	APPL DEVELOPMENT TOOLS
EMC	SAN	SAN	SAN	STORAGE AREA NETWORK
AOLTIMEWAR	INET-ACCESS			INTERNET ACCESS PROVIDER
DECISIONONE	SERVICES			SERVICES VENDOR
EXACT-SOFT	SUPPLY-CHAIN	SUPPLY-CHAIN	ENTPRISE-APP	SUPPLY CHAIN MANAGEMENT
SOPHOS	ANTI-VIRUS	ANTI-VIRUS	SECURITY-MGT	ANTI-VIRUS
EPICOR	ACCOUNTING	ACCOUNTING	ENTPRISE-APP	ACCOUNTING
IBM	DYNIX	UNIX	UNIX	OPERATING SYSTEM
CINCOM	MANTIS	DEV-TOOL	APPL-MGMT	APPL DEVELOPMENT TOOLS
IBM	OS/390	MVS	MVS	OPERATING SYSTEM
IBM	NUMA-Q	NUMA-Q	NUMA-Q	SERVER
IBM	NETFINITY	NETFINITY	NETFINITY	SERVER
HP	MPE-V	MPE	MPE	OPERATING SYSTEM
D-LINK	ROUTER	ROUTER	ROUTER	ROUTER
ALLEGIANCE	LONG-DIST	LONG-DIST	LONG-DIST	LONG DISTANCE CARRIER
PS'SOFT	ASSET-MGMT	ASSET-MGMT	SYSTEMS-MGMT	ASSET MANAGEMENT
REALWORLD	ACCOUNTING	ACCOUNTING	ENTPRISE-APP	ACCOUNTING
UNSPECIFIED	RISC-SERVER	UNSPEC-SVR	RISC-SERVER	SERVER
MCI	MAINT	MAINT	MAINT	MAINTENANCE VENDOR
ARTISOFT	LANTASTIC-7	LANTASTIC	LANTASTIC	LAN OPERATING SYSTEM
CENTURA	DBMS	DBMS	DBMS-BI	DATABASE MANAGEMENT
CRYSTAL-DEC	BI	BI	DBMS-BI	BUSINESS INTELLIGENCE
IN-HOUSE	ID-MGMT	IDENTITY-MGT	SECURITY-MGT	IDENTITY MANAGEMENT
CANTEL	CELLULAR	CELLULAR	CELLULAR	CELLULAR PROVIDER
COMMAND-SOF	ANTI-VIRUS	ANTI-VIRUS	SECURITY-MGT	ANTI-VIRUS
DELL	PORTABLE	PORTABLE	PC	PERSONAL PORTABLE COMPUTER
CABLE&WIRE	UNSPECIFIED	UNSPECIFIED	UNSPECIFIED	UNSPECIFIED LEASED LINE
INTELLICOM	SWITCH	SWITCH	SWITCH	LAN SWITCH
SAP	DATA-CENTER	DATA-CENTER	ENTPRISE-MGT	ENTERPRISE MANAGEMENT
AMERICAN	ACCOUNTING	ACCOUNTING	ENTPRISE-APP	ACCOUNTING
IN-HOUSE	VPN	VPN	VPN	VIRTUAL PRIVATE NETWORK
IN-HOUSE	LINUX	UNIX	UNIX	LAN OPERATING SYSTEM
