"CLASS","SUBCLASS","MANUF"
"ACD","ACD","Nortel"
"Ana","BI","KNIME"
"Ana","BI","Platfora"
"Ana","BI","QLIKTECH"
"Ana","BI","Tableau"
"Ana","Finan","FactSet"
"AUX","DAS","DELL"
"AUX","DAS","EMC"
"AUX","DAS","HITACHI"
"AUX","DAS","IBM"
"AUX","NAS","ADTRAN"
"AUX","NAS","CISCO"
"AUX","NAS","DELL"
"AUX","NAS","Dell"
"AUX","NAS","EMC"
"AUX","NAS","ExaGrid Sys"
"AUX","NAS","Fujitsu"
"AUX","NAS","HITACHI"
"AUX","NAS","HP"
"AUX","NAS","IBM"
"AUX","NAS","IOMEGA"
"AUX","NAS","Microsoft"
"AUX","NAS","NETAPP"
"AUX","NAS","NetApp"
"AUX","NAS","NETGATE-NET"
"AUX","NAS","NETGEAR"
"AUX","NAS","Nutanix"
"AUX","NAS","Oracle"
"AUX","NAS","Panasas"
"AUX","NAS","PromiseTech"
"AUX","NAS","PureStorage"
"AUX","NAS","RAIDTEC"
"AUX","NAS","SanDisk"
"AUX","NAS","SONY"
"AUX","NAS","Synology"
"AUX","NAS","Tegile"
"AUX","NAS","tintri"
"AUX","NAS","Xiotech"
"AUX","SAN","EMC"
"AUX","SAN","HP"
"AUX","SAN","IBM"
"AUX","SAN","Kaminario"
"AUX","SAN","NETAPP"
"AUX","SAN","NetApp"
"Col","Commu","ZIMBRA"
"Col","Produ","FareHarbor"
"Col","Produ","Mindbody"
"Col","Produ","Vagaro"
"Col","Produ","Vendini"
"Con","Archi","Sitecore"
"Con","Conte","Collective"
"Con","Conte","Shutterstoc"
"Con","Conte","Zemanta"
"Con","Web T","EdgeCast"
"Con","Web T","Firespring"
"Con","Web T","Incapsula"
"Con","Web T","WordPress.c"
"CPC","BYOD","Acer"
"CPC","BYOD","Advantech"
"CPC","BYOD","AMD"
"CPC","BYOD","Dell"
"CPC","BYOD","Eaton"
"CPC","BYOD","FileZilla"
"CPC","BYOD","IBM"
"CPC","BYOD","Intel"
"CPC","BYOD","Liebert"
"CPC","BYOD","Matrox"
"CPC","BYOD","Microsoft"
"CPC","BYOD","Nvidia"
"CPC","BYOD","SchneidrEle"
"CPC","BYOD","Xilinx Inc"
"CPC","DKPR","APPLE"
"CPC","DKPR","ASUS"
"CPC","DKPR","DELL"
"CPC","DKPR","FUJITSU"
"CPC","DKPR","GATEWAY"
"CPC","DKPR","HP"
"CPC","DKPR","IBM"
"CPC","DKPR","INTEL"
"CPC","DKPR","LENOVO"
"CPC","DKPR","TI"
"CPC","DPC","Apple"
"CPC","DPC","HP"
"CPC","DPC","Lenovo"
"CPC","PPC","Acer"
"CPC","PPC","Apple"
"CPC","PPC","Dell"
"CPC","PPC","HP"
"CPC","PPC","IBM"
"CPC","PPC","Lenovo"
"CPC","PPC","Microsoft"
"CPC","PPC","Samsung"
"CPC","PPC","Wacom"
"CPU","SRV","ABYSS"
"CPU","SRV","Adobe"
"CPU","SRV","Akamai"
"CPU","SRV","AMANDA"
"CPU","SRV","APACHE"
"CPU","SRV","APPLE"
"CPU","SRV","ASSP"
"CPU","SRV","CHEROKEE"
"CPU","SRV","Cisco"
"CPU","SRV","CVS"
"CPU","SRV","DELL"
"CPU","SRV","Dell"
"CPU","SRV","ejabberd"
"CPU","SRV","HP"
"CPU","SRV","IBM"
"CPU","SRV","IPLANET"
"CPU","SRV","LANTRONIX"
"CPU","SRV","LIGHTTPD"
"CPU","SRV","LiteSpeed T"
"CPU","SRV","Microsoft"
"CPU","SRV","NEC"
"CPU","SRV","NETSCAPE"
"CPU","SRV","NGINX"
"CPU","SRV","Oracle"
"CPU","SRV","SGI"
"CPU","SRV","Super-micro"
"CPU","SRV","TOSHIBA"
"CPU","SRV","Unisys"
"CPU","SRV","VCE"
"CPU","SRV","Webmin"
"CPU","SRV","WIND"
"CPU","SRV","ZEUS"
"CPU","SRV","Zope"
"CPU","SVPR","ACER"
"CPU","SVPR","AMD"
"CPU","SVPR","APPLE"
"CPU","SVPR","CISCO"
"CPU","SVPR","DELL"
"CPU","SVPR","EMC"
"CPU","SVPR","ENCORE"
"CPU","SVPR","GATEWAY"
"CPU","SVPR","HP"
"CPU","SVPR","IBM"
"CPU","SVPR","OTHER"
"CPU","SVPR","SUN"
"CPU","SVPR","UNISYS"
"CPU","SVPR","UNSPECIFIED"
"CPW","SVR","IBM"
"CPW","WKPR","APPLE"
"CPW","WKPR","DELL"
"CPW","WKPR","HP"
"CPW","WKPR","IBM"
"CPW","WRK","HP"
"CRM","BI","ToutApp"
"CRM","Comme","Google"
"CRM","Comme","ReachLocal"
"CRM","Comme","SteelHouse"
"CRM","CRM","Dynamic Sig"
"CRM","CRM","FACEBOOK"
"CRM","CRM","GaggleAMP"
"CRM","CRM","Google"
"CRM","CRM","Groove"
"CRM","Marke","Autopilot"
"CRM","Marke","BloomReach"
"CRM","Marke","BlueCore"
"CRM","Marke","Chute"
"CRM","Marke","Customer.io"
"CRM","Marke","dotmailer"
"CRM","Marke","Emarsys"
"CRM","Marke","ICONOSQUARE"
"CRM","Marke","Influitive"
"CRM","Marke","MarketVolt"
"CRM","Marke","Ontraport"
"CRM","Marke","Predictive"
"CRM","Marke","Return Path"
"CRM","Marke","TradeDouble"
"CRM","Marke",NULL
"CRM","MPM","Salesforce"
"CRM","MPM","ScribbleLiv"
"CRM","MPM","UberFlip"
"CRM","MPM","Verint"
"CRM","MPM","ZoomInfo"
"CRM","Produ","Percolate"
"CRM","Produ","ProclivityM"
"CRM","Produ","WAVESET"
"CRM","Web C","SAP Ariba"
"CRM","Web C","Taobao"
"CRM","Web T","Adconion Me"
"CRM","Web T","Invoca"
"Dat","App D","OpenResty"
"Dat","App D","Talend"
"Dat","Archi","Microsoft"
"Dat","Archi","TurboSMTP"
"Dat","Archi","Veritas"
"Dat","Archi","VMware"
"Dat","Data","Gotoassist"
"Dat","Netwo","ARRIS Group"
"Dat","Netwo","D-LINK"
"Dat","Netwo","NETGEAR"
"Dat","Netwo","ns1"
"Dat","Softw","Varnish"
"Dat","Web T","Instart Log"
"Dig","Onlin","Advertising"
"Dig","Onlin","Amazon"
"Dig","Onlin","AudienceSci"
"Dig","Onlin","Avangate"
"Dig","Onlin","AvantLink"
"Dig","Onlin","Bizo"
"Dig","Onlin","Dstillery"
"Dig","Onlin","Evidon  Inc"
"Dig","Onlin","Flite"
"Dig","Onlin","Innovid"
"Dig","Onlin","Invodo"
"Dig","Onlin","Media.net"
"Dig","Onlin","Moat"
"Dig","Onlin","Oracle ; Da"
"Dig","Onlin","Perfect Mar"
"Dig","Onlin","SkimLinks"
"Dig","Onlin","Viglink"
"Dig","Onlin",NULL
"Dig","onlin","LiveIntent"
"Dig","onlin","Rubicon Pro"
"Dig","onlin","SiteScout"
"Dig","Stora","Adform"
"Dig","Web T","Chango"
"Dig","Web T","Chitika  In"
"Dig","Web T","eXelate  A"
"Dig","Web T","iCrossing"
"Dig","Web T","Specific Me"
"Dig","Web T","Videology"
"E-C","BI","ClickFunnel"
"E-C","BI","eTracker"
"E-C","BI","Evergage"
"E-C","BI","Inspectlet"
"E-C","BI","Klaviyo"
"E-C","BI","Lucky Orang"
"E-C","BI","MouseFlow"
"E-C","BI","Parse.ly"
"E-C","BI","Totango"
"E-C","BI",NULL
"E-C","Comme","BRAINTREE"
"E-C","Comme","Influenster"
"E-C","Comme","Pixlee"
"E-C","Comme","Punchtab"
"E-C","Comme","SeeWhy"
"E-C","Comme","SLI Systems"
"E-C","Comme","Trustpilot"
"E-C","Comme","TurnTo"
"ERP","App D","Intuit Payr"
"ERP","App D","IQMS"
"ERP","App D","Junxure"
"ERP","App D","WAVESET"
"ERP","Colla","Paymetric"
"ERP","Comme","QuickBooks"
"ERP","Comme","Unanet"
"ERP","eBusi","abas ERP"
"ERP","ECOMM","Dynamicweb"
"ERP","Finan","Concur"
"ERP","Web T","Amadeus"
"ERP","Web T","Chrome Rive"
"HOS","HANDO","APPLE"
"HOS","HANDO","GOOGLE"
"HOS","HANDO","LINUX"
"HOS","HANDO","QUALCOMM"
"HOS","HANDO","RIM"
"Hos","adver","Endurance I"
"Hos","adver","Imperva Inc"
"Hos","Cloud","Codero Host"
"Hos","Cloud","cogecopeer1"
"Hos","Cloud","Hostway Ser"
"Hos","Cloud","iland Cloud"
"Hos","Cloud","MaxCDN"
"Hos","Cloud","Microsoft"
"Hos","Cloud","SingleHop"
"Hos","Email","MailJet"
"Hos","Email","Postmark"
"Hos","IT In","CCBill"
"Hos","IT In","Hostmonster"
"Hos","IT In","InMotion Ho"
"Hos","IT In","Kenexa"
"Hos","IT In","Klarna"
"Hos","IT In","Liquid Web"
"Hos","IT In","MonsterComm"
"Hos","IT In","Moonfruit"
"Hos","IT In","Strato"
"Hos","IT In","VERIZON"
"Hos","Web T","BigCommerce"
"Hos","Web T","CDNetworks"
"Hos","Web T","FoxyCart.co"
"Hos","Web T","GODADDY"
"Hos","Web T","Jimdo"
"Hos","Web T","Strikingly"
"Hos","Web T","Venda"
"HR","HR Sy","TimeClock P"
"HR","HR Sy","Workable"
"HST","Web T","BlueHost"
"IAP","INETP","INTERCOM"
"IT","App D","Kaseya"
"IT","Archi","Qualys"
"IT","Archi","Trend-Micro"
"IT","BI","Sift Scienc"
"IT","Cloud","RSASECURITY"
"IT","Data","Acronis"
"IT","Data","Hansoft"
"IT","Data","Kenexa"
"IT","Netwo","Veritas"
"IT","Web T","MaaS360 by"
"LDC","PBXLD","PAETEC"
"LSW","LANSW","3COM"
"LSW","LANSW","ALLIED-TEL"
"LSW","LANSW","AVAYA"
"LSW","LANSW","Avocent"
"LSW","LANSW","BELKIN"
"LSW","LANSW","BROCADE"
"LSW","LANSW","Brocade"
"LSW","LANSW","CISCO"
"LSW","LANSW","Cisco"
"LSW","LANSW","DELL"
"LSW","LANSW","D-LINK"
"LSW","LANSW","HP"
"LSW","LANSW","HUAWEI"
"LSW","LANSW","INTEL"
"LSW","LANSW","MOTOROLA"
"LSW","LANSW","NETSCALER"
"NET","NETSV","AT&T"
"NET","NETSV","BELL-CANADA"
"NET","NETSV","NORTEL"
"NET","NETSV","OTHER"
"NET","NETSV","TELUS"
"New",NULL,"17hats"
"New",NULL,"3CX"
"New",NULL,"AdLuge"
"New",NULL,"Adobe"
"New",NULL,"Aerohive"
"New",NULL,"AffectLayer"
"New",NULL,"Agile CRM I"
"New",NULL,"Akamai"
"New",NULL,"Alfresco"
"New",NULL,"Alibaba"
"New",NULL,"Alt-N Techn"
"New",NULL,"Amazon"
"New",NULL,"APACHE"
"New",NULL,"Apache-Soft"
"New",NULL,"APC"
"New",NULL,"APPLE"
"New",NULL,"Aptean"
"New",NULL,"Arkadin"
"New",NULL,"Atlassian"
"New",NULL,"Avaya"
"New",NULL,"Axway"
"New",NULL,"Base CRM"
"New",NULL,"BeTrend Cor"
"New",NULL,"BidSwitch"
"New",NULL,"Bitvise"
"New",NULL,"BlueCamroo"
"New",NULL,"Blue Coat S"
"New",NULL,"BMC"
"New",NULL,"Bomara Asso"
"New",NULL,"BuffaloTech"
"New",NULL,"BuiltWith"
"New",NULL,"BuzzBoard"
"New",NULL,"CA"
"New",NULL,"CallRail In"
"New",NULL,"CallTrackin"
"New",NULL,"Catalyst Fr"
"New",NULL,"Caucho Tech"
"New",NULL,"Channeltivi"
"New",NULL,"CHECKPOINT"
"New",NULL,"Cisco"
"New",NULL,"Citrix"
"New",NULL,"CiviCRM"
"New",NULL,"CKSource sp"
"New",NULL,"Clari"
"New",NULL,"Claritysoft"
"New",NULL,"Clearbit"
"New",NULL,"Close.io"
"New",NULL,"CMU"
"New",NULL,"COGENTCOMM"
"New",NULL,"COMMUNIGATE"
"New",NULL,"ConnectWise"
"New",NULL,"Conrep  Inc"
"New",NULL,"Cymphonix"
"New",NULL,"Datto  Inc."
"New",NULL,"Daxko  Llc"
"New",NULL,"Dell"
"New",NULL,"DELTEK"
"New",NULL,"Digi"
"New",NULL,"DIGICERT"
"New",NULL,"Digi Intern"
"New",NULL,"Digital Alc"
"New",NULL,"DigitalRivr"
"New",NULL,"DirecTV"
"New",NULL,"Django Soft"
"New",NULL,"D-LINK"
"New",NULL,"Docker"
"New",NULL,"DocSend  In"
"New",NULL,"Drift.com"
"New",NULL,"Drobo"
"New",NULL,"easyDNS"
"New",NULL,"ECLIPSE"
"New",NULL,"eCosCentric"
"New",NULL,"EdgeCast"
"New",NULL,"Efficient N"
"New",NULL,"Elstcsearch"
"New",NULL,"EMC"
"New",NULL,"EPiServer"
"New",NULL,"ESET"
"New",NULL,"Exact"
"New",NULL,"Eyeota"
"New",NULL,"Flywheel -"
"New",NULL,"Fortinet"
"New",NULL,"Freshworks"
"New",NULL,"Gentoo Foun"
"New",NULL,"Global Shop"
"New",NULL,"GOG"
"New",NULL,"Gong I.O Lt"
"New",NULL,"Google"
"New",NULL,"Guestfolio"
"New",NULL,"Heap Analyt"
"New",NULL,"Hetzner"
"New",NULL,"HG Data Com"
"New",NULL,"Hibu"
"New",NULL,"Highspot  I"
"New",NULL,"HIRSCHMANN"
"New",NULL,"HP"
"New",NULL,"HUAWEI"
"New",NULL,"HubSpot"
"New",NULL,"IBM"
"New",NULL,"IGEL"
"New",NULL,"Imperva"
"New",NULL,"Improve Dig"
"New",NULL,"Incapsula"
"New",NULL,"Infoblox"
"New",NULL,"InfoFlo"
"New",NULL,"Informatica"
"New",NULL,"InsideSales"
"New",NULL,"Insightly"
"New",NULL,"InStream.io"
"New",NULL,"INTERNAP"
"New",NULL,"Inter-Tel"
"New",NULL,"IPLANET"
"New",NULL,"Ipswitch"
"New",NULL,"Issuu  Inc."
"New",NULL,"JBMC Softwa"
"New",NULL,"JDA-SFTWR"
"New",NULL,"Joyent"
"New",NULL,"JUNIPER"
"New",NULL,"JW Player"
"New",NULL,"Karmak"
"New",NULL,"Kerio"
"New",NULL,"Kofax"
"New",NULL,"Lead Forens"
"New",NULL,"Lijit"
"New",NULL,"LiveChat  I"
"New",NULL,"Magento"
"New",NULL,"Mailgun Tec"
"New",NULL,"Marketcircl"
"New",NULL,"Marketo"
"New",NULL,"MarketSharp"
"New",NULL,"McAfee"
"New",NULL,"mediaelemen"
"New",NULL,"Method Inte"
"New",NULL,"Microsoft"
"New",NULL,"MindTickle"
"New",NULL,"MITSUBISHI"
"New",NULL,"Mothernode"
"New",NULL,"MOTOROLA"
"New",NULL,"Namecheap"
"New",NULL,"NEC"
"New",NULL,"Netatalk"
"New",NULL,"netBSD"
"New",NULL,"NetWin"
"New",NULL,"Network Sol"
"New",NULL,"NLnet Labs"
"New",NULL,"Node.js"
"New",NULL,"NOKIA"
"New",NULL,"NoSQL"
"New",NULL,"NuanceComms"
"New",NULL,"Nutshell CR"
"New",NULL,"Odoo"
"New",NULL,"Open-Text"
"New",NULL,"Oracle"
"New",NULL,"ORANGE"
"New",NULL,"OSIRIS"
"New",NULL,"Outreach  I"
"New",NULL,"ownerIQ"
"New",NULL,"Oxid"
"New",NULL,"PaloAltoNet"
"New",NULL,"PANASONIC"
"New",NULL,"Pantheon Sy"
"New",NULL,"PegaSys"
"New",NULL,"Pendo"
"New",NULL,"Pennant Gro"
"New",NULL,"Perl"
"New",NULL,"PHILIPS"
"New",NULL,"PhoneBurner"
"New",NULL,"Phusion"
"New",NULL,"Pipeliner"
"New",NULL,"Plesk"
"New",NULL,"Plex Sys"
"New",NULL,"POLYCOM"
"New",NULL,"POWr Inc."
"New",NULL,"Prospect.io"
"New",NULL,"ProsperWork"
"New",NULL,"QNX"
"New",NULL,"RawGit"
"New",NULL,"RED-HAT"
"New",NULL,"Repsly"
"New",NULL,"RhythmOne"
"New",NULL,"Rocket Scie"
"New",NULL,"Sage"
"New",NULL,"Sailpoint"
"New",NULL,"Salesforce"
"New",NULL,"Salesnet"
"New",NULL,"SAP"
"New",NULL,"SAS"
"New",NULL,"Seismic Sof"
"New",NULL,"Sendbloom"
"New",NULL,"SHOUTcast"
"New",NULL,"Showpad Nv"
"New",NULL,"Signal Digi"
"New",NULL,"Simpleview"
"New",NULL,"SITEGROUND"
"New",NULL,"Siteimprove"
"New",NULL,"Sizmek"
"New",NULL,"Slack Techn"
"New",NULL,"SmarterTool"
"New",NULL,"SONICWALL"
"New",NULL,"SONY"
"New",NULL,"SpotX"
"New",NULL,"Streak"
"New",NULL,"Sucuri Inc."
"New",NULL,"Sumo Group"
"New",NULL,"SUPER-MICRO"
"New",NULL,"Symantec"
"New",NULL,"Synology"
"New",NULL,"Tableau"
"New",NULL,"Tapad  Inc."
"New",NULL,"Tawk.To Lim"
"New",NULL,"Technology"
"New",NULL,"Temelio"
"New",NULL,"Tempest Int"
"New",NULL,"Teradata"
"New",NULL,"The jQuery"
"New",NULL,"The Trade D"
"New",NULL,"ThomsnRetrs"
"New",NULL,"Tiandy Tech"
"New",NULL,"Tour de For"
"New",NULL,"TransIP-Glo"
"New",NULL,"Tridium"
"New",NULL,"TWITTER"
"New",NULL,"UKFAST"
"New",NULL,"University"
"New",NULL,"Validity  I"
"New",NULL,"VanDyke Sof"
"New",NULL,"vCita  Inc."
"New",NULL,"Veritas"
"New",NULL,"VERIZON"
"New",NULL,"VIEWSONIC"
"New",NULL,"Virtustream"
"New",NULL,"VMware"
"New",NULL,"Web.com Gro"
"New",NULL,"Weebly"
"New",NULL,"Winshuttle"
"New",NULL,"WiredMinds"
"New",NULL,"WolterKluwr"
"New",NULL,"Workbooks O"
"New",NULL,"WORKDAY"
"New",NULL,"WPEngine  I"
"New",NULL,"Xaxis  LLC"
"New",NULL,"Xfinity"
"New",NULL,"Yoast B.V"
"New",NULL,"Yonyou Soft"
"New",NULL,"Zenedge Llc"
"New",NULL,"ZenLeads  I"
"New",NULL,"zoho"
"New",NULL,"Zynbit.com"
"New",NULL,"ZYXEL"
"NLV","NLV","Piwik"
"NLV","NLV","RealFlow"
"NLV","NLV","Red-Hat"
"NTL","NETLN","UNSPECIFIED"
"Off","App D","SmartDraw"
"Off","App D","SmugMug"
"Off","App D","STARFIELD"
"Off","App D","Zenfolio"
"Off","Enter","Microsoft"
"Off","Photo","FLICKR"
"Off","Sound","Locu  Inc."
"OPR","DTPRG","GeneralTech"
"OPR","OPR","Apache-Soft"
"OPR","OPR","APPLE"
"OPR","OPR","Apple"
"OPR","OPR","ARGUS"
"OPR","OPR","BULL"
"OPR","OPR","Canonical"
"OPR","OPR","Cisco"
"OPR","OPR","F5-NETWORKS"
"OPR","OPR","Freebsd"
"OPR","OPR","GeneralTech"
"OPR","OPR","HP"
"OPR","OPR","IBM"
"OPR","OPR","Jetbrains"
"OPR","OPR","Juniper"
"OPR","OPR","LINUX"
"OPR","OPR","MICROSOFT"
"OPR","OPR","Microsoft"
"OPR","OPR","MyEclipse"
"OPR","OPR","Net"
"OPR","OPR","NOVELL"
"OPR","OPR","OpenBSD"
"OPR","OPR","OpenGroup"
"OPR","OPR","OpenSource"
"OPR","OPR","Oracle"
"OPR","OPR","OTHER"
"OPR","OPR","Perl"
"OPR","OPR","PHP"
"OPR","OPR","Python"
"OPR","OPR","RED-HAT"
"OPR","OPR","Red-Hat"
"OPR","OPR","SAMSUNG"
"OPR","OPR","SCO"
"OPR","OPR","SGI"
"OPR","OPR","SUSE"
"OPR","OPR","TestNG"
"OPR","OPR","UBUNTU"
"OPR","OPR","UNISYS"
"OPR","OPR","WatchGuard"
"OPR","OPR","Whamcloud"
"OPR","OPR","WindRiver"
"OPR","OSPR","Microsoft"
"PBX","PBX","AVAYA"
"PBX","PBX","CISCO"
"PBX","PBX","MITEL"
"PBX","PBX","Nortel"
"PBX","PBX","PANASONIC"
"PBX","PBX","SHORETEL"
"PRG","ACERP","ACCPAC"
"PRG","ACERP","AMERICAN"
"PRG","ACERP","DELTEK"
"PRG","ACERP","HP"
"PRG","ACERP","IBM"
"PRG","ACERP","INTEGRAL"
"PRG","ACERP","LAWSON"
"PRG","ACERP","MAPICS"
"PRG","ACERP","MICROSOFT"
"PRG","ACERP","ORACLE"
"PRG","ACERP","OTHER"
"PRG","ACERP","PEACHTREE"
"PRG","ACERP","PEOPLESOFT"
"PRG","ACERP","PROFITKEY"
"PRG","ACERP","SAGE"
"PRG","ACERP","SAP"
"PRG","ACERP","SIEMENS"
"PRG","ACERP","TIMBERLINE"
"PRG","ACPRG","ACCESS"
"PRG","ACPRG","Aria Sys"
"PRG","ACPRG","Avaloq"
"PRG","ACPRG","Blackline"
"PRG","ACPRG","Bloomberg"
"PRG","ACPRG","BNA"
"PRG","ACPRG","Cforia"
"PRG","ACPRG","Cobis"
"PRG","ACPRG","COGNOS"
"PRG","ACPRG","CSC"
"PRG","ACPRG","Deltek"
"PRG","ACPRG","Eze Castle"
"PRG","ACPRG","FINFORCE"
"PRG","ACPRG","Fiserv"
"PRG","ACPRG","FreshBooks"
"PRG","ACPRG","Fundtech"
"PRG","ACPRG","HIS"
"PRG","ACPRG","HYPERION"
"PRG","ACPRG","IBM"
"PRG","ACPRG","INFOSYS-INT"
"PRG","ACPRG","Intacct"
"PRG","ACPRG","INTUIT"
"PRG","ACPRG","Intuit"
"PRG","ACPRG","Jack-Henry"
"PRG","ACPRG","Oracle"
"PRG","ACPRG","Paladyne"
"PRG","ACPRG","RADIUS"
"PRG","ACPRG","ReadSoft"
"PRG","ACPRG","Sage"
"PRG","ACPRG","SAP"
"PRG","ACPRG","SimCorp"
"PRG","ACPRG","SSC"
"PRG","ACPRG","SunGard"
"PRG","ACPRG","Tamarac"
"PRG","ACPRG","ThomsnRetrs"
"PRG","ACPRG","Trintech"
"PRG","ACPRG","Vertex"
"PRG","ACPRG","Workday"
"PRG","ACPRG","Zuora"
"PRG","APPRG","APACHE"
"PRG","APPRG","HAProxy"
"PRG","APPRG","ORACLE"
"PRG","APPRG","ORION"
"PRG","APPRG","RED-HAT"
"PRG","APPRG","Squid"
"PRG","APPRG","Varnish Sof"
"PRG","APPRG","WatchGuard"
"PRG","ASPRG","Adobe"
"PRG","ASPRG","ALTIRIS"
"PRG","ASPRG","AssetWorks"
"PRG","ASPRG","AVTECH"
"PRG","ASPRG","Azteca Sys"
"PRG","ASPRG","Bigfoot"
"PRG","ASPRG","COGZ Sys"
"PRG","ASPRG","HP"
"PRG","ASPRG","IBM"
"PRG","ASPRG","INFOR"
"PRG","ASPRG","Infor"
"PRG","ASPRG","MainConnect"
"PRG","ASPRG","NOVELL"
"PRG","ASPRG","Oracle"
"PRG","ASPRG","REMEDY"
"PRG","ASPRG","Sage"
"PRG","ASPRG","SAP"
"PRG","ASPRG","ServiceNow"
"PRG","ASPRG","SunGard"
"PRG","ASPRG","Symantec"
"PRG","ASPRG","Ventyx Inc"
"PRG","AVPRG","Accertify"
"PRG","AVPRG","Acunetix"
"PRG","AVPRG","Akamai"
"PRG","AVPRG","AlertLogic"
"PRG","AVPRG","Amazon"
"PRG","AVPRG","AppRiver"
"PRG","AVPRG","Atlassian"
"PRG","AVPRG","Avecto"
"PRG","AVPRG","Aveksa"
"PRG","AVPRG","AVG"
"PRG","AVPRG","Barracuda"
"PRG","AVPRG","BeyondTrust"
"PRG","AVPRG","Bit9"
"PRG","AVPRG","Bitdefender"
"PRG","AVPRG","Centrify"
"PRG","AVPRG","Cenzic"
"PRG","AVPRG","Checkmarx"
"PRG","AVPRG","CheckPoint"
"PRG","AVPRG","Cisco"
"PRG","AVPRG","Courion"
"PRG","AVPRG","CyberArk"
"PRG","AVPRG","Cyberoam"
"PRG","AVPRG","Damballa"
"PRG","AVPRG","Dell"
"PRG","AVPRG","Druva"
"PRG","AVPRG","EMC"
"PRG","AVPRG","ESET"
"PRG","AVPRG","Exostar"
"PRG","AVPRG","FireEye"
"PRG","AVPRG","ForeScout"
"PRG","AVPRG","ForgeRock"
"PRG","AVPRG","Fortinet"
"PRG","AVPRG","Gemalto"
"PRG","AVPRG","Genetec"
"PRG","AVPRG","GrdinnAlytc"
"PRG","AVPRG","HiSoft"
"PRG","AVPRG","HP"
"PRG","AVPRG","IBM"
"PRG","AVPRG","Imperva"
"PRG","AVPRG","Iovation"
"PRG","AVPRG","Juniper"
"PRG","AVPRG","KASPERSKY"
"PRG","AVPRG","Lancope"
"PRG","AVPRG","LANDeskSoft"
"PRG","AVPRG","LogLogic"
"PRG","AVPRG","Lumension"
"PRG","AVPRG","Mandiant"
"PRG","AVPRG","MCAFEE"
"PRG","AVPRG","McAfee"
"PRG","AVPRG","Microsoft"
"PRG","AVPRG","NICESys"
"PRG","AVPRG","NIKSUN"
"PRG","AVPRG","Okta"
"PRG","AVPRG","OneLogin"
"PRG","AVPRG","OpenDNS"
"PRG","AVPRG","OpenID"
"PRG","AVPRG","OpenSource"
"PRG","AVPRG","OpenSSL"
"PRG","AVPRG","Oracle"
"PRG","AVPRG","OSSEC"
"PRG","AVPRG","PaloAltoNet"
"PRG","AVPRG","PowerTech"
"PRG","AVPRG","Prolexic"
"PRG","AVPRG","Proofpoint"
"PRG","AVPRG","Qualys"
"PRG","AVPRG","Rapid7"
"PRG","AVPRG","SafeNet"
"PRG","AVPRG","Sailpoint"
"PRG","AVPRG","SAP"
"PRG","AVPRG","SecureAuth"
"PRG","AVPRG","SOPHOS"
"PRG","AVPRG","SourceFire"
"PRG","AVPRG","SYMANTEC"
"PRG","AVPRG","Symantec"
"PRG","AVPRG","TenableNtSc"
"PRG","AVPRG","Thawte"
"PRG","AVPRG","ThreatMetrx"
"PRG","AVPRG","TREND-MICRO"
"PRG","AVPRG","Trend-Micro"
"PRG","AVPRG","Tripwire"
"PRG","AVPRG","TRUSTe"
"PRG","AVPRG","Veracode"
"PRG","AVPRG","Verdasys"
"PRG","AVPRG","WatchGuard"
"PRG","AVPRG","Webroot"
"PRG","AVPRG","Websense"
"PRG","AVPRG","WinMagic"
"PRG","AVPRG","Zscaler"
"PRG","BIPRG","Actuate"
"PRG","BIPRG","Alteryx"
"PRG","BIPRG","Angoss"
"PRG","BIPRG","Attunity"
"PRG","BIPRG","BIRST"
"PRG","BIPRG","Birst"
"PRG","BIPRG","BUS-OBJECTS"
"PRG","BIPRG","CA"
"PRG","BIPRG","Cloud9"
"PRG","BIPRG","COGNOS"
"PRG","BIPRG","Crimson Hex"
"PRG","BIPRG","Domo"
"PRG","BIPRG","Entrinsik"
"PRG","BIPRG","GoodData"
"PRG","BIPRG","HP"
"PRG","BIPRG","HYPERION"
"PRG","BIPRG","IBM"
"PRG","BIPRG","INFO-BUILD"
"PRG","BIPRG","INFORMATICA"
"PRG","BIPRG","Informatica"
"PRG","BIPRG","InsghtSqrd"
"PRG","BIPRG","Izenda"
"PRG","BIPRG","Jaspersoft"
"PRG","BIPRG","LogiAnlytcs"
"PRG","BIPRG","MICROSOFT"
"PRG","BIPRG","Microsoft"
"PRG","BIPRG","MICRO-STRAT"
"PRG","BIPRG","NCR"
"PRG","BIPRG","Noetix"
"PRG","BIPRG","ORACLE"
"PRG","BIPRG","Oracle"
"PRG","BIPRG","OTHER"
"PRG","BIPRG","Pentaho"
"PRG","BIPRG","PROGRESS"
"PRG","BIPRG","ProgressSw"
"PRG","BIPRG","RapidMiner"
"PRG","BIPRG","Roambi"
"PRG","BIPRG","Salesforce"
"PRG","BIPRG","SAP"
"PRG","BIPRG","SAS"
"PRG","BIPRG","SiSense"
"PRG","BIPRG","SnapLogic"
"PRG","BIPRG","StreamBase"
"PRG","BIPRG","Sybase"
"PRG","BIPRG","TableauSoft"
"PRG","BIPRG","Tibco"
"PRG","BIPRG","Verint Sys"
"PRG","BIPRG","WhereScape"
"PRG","BIPRG","Xtraction"
"PRG","BSPRG","Ab Initio"
"PRG","BSPRG","Apriso"
"PRG","BSPRG","BackOffice"
"PRG","BSPRG","Cyrious"
"PRG","BSPRG","Deltek"
"PRG","BSPRG","Kubra"
"PRG","BSPRG","Microsoft"
"PRG","BSPRG","Oracle"
"PRG","BSPRG","SAP"
"PRG","BSPRG","SAS"
"PRG","CCPRG","Aspect"
"PRG","CCPRG","Avaya"
"PRG","CCPRG","Cisco"
"PRG","CCPRG","Five9"
"PRG","CCPRG","Ifbyphone"
"PRG","CCPRG","inContact"
"PRG","CCPRG","InsideSales"
"PRG","CCPRG","IntracIntel"
"PRG","CCPRG","LiveOps"
"PRG","CCPRG","LiveVox"
"PRG","CCPRG","MongseMtrcs"
"PRG","CCPRG","Oracle"
"PRG","CCPRG","rtelax"
"PRG","CCPRG","Salesforce"
"PRG","CCPRG","Telmetrics"
"PRG","CMPRG","AccuRev"
"PRG","CMPRG","Apache-Soft"
"PRG","CMPRG","Atlassian"
"PRG","CMPRG","BORLAND"
"PRG","CMPRG","CFEngine"
"PRG","CMPRG","FogCreekSft"
"PRG","CMPRG","IBM"
"PRG","CMPRG","ISPW"
"PRG","CMPRG","Microsoft"
"PRG","CMPRG","MozillaFndn"
"PRG","CMPRG","SAP"
"PRG","CMPRG","Serena"
"PRG","CNPRG","Aconex"
"PRG","CNPRG","AGTEK"
"PRG","CNPRG","BuildrTREND"
"PRG","CNPRG","Cadsoft"
"PRG","CNPRG","CMiC"
"PRG","CNPRG","CompEase"
"PRG","CNPRG","ConEst Soft"
"PRG","CNPRG","Dataforma"
"PRG","CNPRG","Hard Dollar"
"PRG","CNPRG","HCSS"
"PRG","CNPRG","JonasConstr"
"PRG","CNPRG","Microsoft"
"PRG","CNPRG","Oracle"
"PRG","CNPRG","Procore"
"PRG","CNPRG","Sage"
"PRG","CNPRG","Textura"
"PRG","CNPRG","VPConstSoft"
"PRG","CNPRG","Yardi"
"PRG","COMPR","3DCart"
"PRG","COMPR","AbleCommrce"
"PRG","COMPR","Amazon"
"PRG","COMPR","American Ex"
"PRG","COMPR","APPLE"
"PRG","COMPR","AspStorFrnt"
"PRG","COMPR","Authorize.n"
"PRG","COMPR","Avalara"
"PRG","COMPR","Chase"
"PRG","COMPR","Deltek"
"PRG","COMPR","Demandware"
"PRG","COMPR","DigitalRivr"
"PRG","COMPR","DiscoverOrg"
"PRG","COMPR","Genbook"
"PRG","COMPR","Google"
"PRG","COMPR","hybris"
"PRG","COMPR","IBM"
"PRG","COMPR","Intershop"
"PRG","COMPR","Leads360"
"PRG","COMPR","Magento"
"PRG","COMPR","MarketLive"
"PRG","COMPR","Mastercard"
"PRG","COMPR","Miva"
"PRG","COMPR","Mobify"
"PRG","COMPR","Monetate"
"PRG","COMPR","MyBuys"
"PRG","COMPR","OpenCart"
"PRG","COMPR","OpenSource"
"PRG","COMPR","Oracle"
"PRG","COMPR","OsCommerce"
"PRG","COMPR","PayPal"
"PRG","COMPR","PinacleCart"
"PRG","COMPR","PrestaShop"
"PRG","COMPR","RainKing"
"PRG","COMPR","Recurly"
"PRG","COMPR","SAP"
"PRG","COMPR","Schedlicity"
"PRG","COMPR","Shopify"
"PRG","COMPR","Stripe"
"PRG","COMPR","Ubercart"
"PRG","COMPR","Vantiv"
"PRG","COMPR","VirtueMart"
"PRG","COMPR","VISA"
"PRG","COMPR","Volusion"
"PRG","COMPR","WePay"
"PRG","COMPR","WooCommerce"
"PRG","COMPR","WorldPay"
"PRG","COMPR","X-Cart"
"PRG","COMPR","Zen Cart"
"PRG","COPRG","Adobe"
"PRG","COPRG","Apigee"
"PRG","COPRG","Atlassian"
"PRG","COPRG","Avaya"
"PRG","COPRG","Axway"
"PRG","COPRG","Cisco"
"PRG","COPRG","Citrix"
"PRG","COPRG","CollabNet"
"PRG","COPRG","Colligo"
"PRG","COPRG","Data Masons"
"PRG","COPRG","EDIFACT"
"PRG","COPRG","GitHub"
"PRG","COPRG","GridGain"
"PRG","COPRG","GXS"
"PRG","COPRG","HP"
"PRG","COPRG","IBM"
"PRG","COPRG","Igloo Soft"
"PRG","COPRG","Intel"
"PRG","COPRG","Layer7"
"PRG","COPRG","LiaisonTech"
"PRG","COPRG","LogMeIn"
"PRG","COPRG","Microsoft"
"PRG","COPRG","Moxie Soft"
"PRG","COPRG","Mulesoft"
"PRG","COPRG","Oracle"
"PRG","COPRG","QAD"
"PRG","COPRG","RsrchMotion"
"PRG","COPRG","Salesforce"
"PRG","COPRG","SAS"
"PRG","COPRG","Skype"
"PRG","COPRG","Smartsheet"
"PRG","COPRG","SoundCloud"
"PRG","COPRG","StarCite"
"PRG","COPRG","Tibco"
"PRG","COPRG","Verizon"
"PRG","COPRG","Wiredrive"
"PRG","COPRG","Zend"
"PRG","CRERP","ACCPAC"
"PRG","CRERP","DELTEK"
"PRG","CRERP","EPICOR"
"PRG","CRERP","GOLDMINE"
"PRG","CRERP","IBM"
"PRG","CRERP","IFS"
"PRG","CRERP","INFOR"
"PRG","CRERP","INTUITIVE"
"PRG","CRERP","MICROSOFT"
"PRG","CRERP","NETSUITE"
"PRG","CRERP","ONYX"
"PRG","CRERP","ORACLE"
"PRG","CRERP","OTHER"
"PRG","CRERP","PEOPLESOFT"
"PRG","CRERP","REMEDY"
"PRG","CRERP","SAGE"
"PRG","CRERP","SALESFORCE"
"PRG","CRERP","SAP"
"PRG","CRERP","SIEBEL"
"PRG","CRPRG","AMDOCS"
"PRG","CRPRG","Aptean"
"PRG","CRPRG","Avidian"
"PRG","CRPRG","CINCOM"
"PRG","CRPRG","ClearSlide"
"PRG","CRPRG","Convergys"
"PRG","CRPRG","Cosential"
"PRG","CRPRG","DATA-SYS"
"PRG","CRPRG","Deltek"
"PRG","CRPRG","FRONTRANGE"
"PRG","CRPRG","Gainsight"
"PRG","CRPRG","Gigya"
"PRG","CRPRG","Hoopla"
"PRG","CRPRG","HYPERION"
"PRG","CRPRG","IBM"
"PRG","CRPRG","Infor"
"PRG","CRPRG","InsideView"
"PRG","CRPRG","KANA"
"PRG","CRPRG","MaximzrSoft"
"PRG","CRPRG","MICROSOFT"
"PRG","CRPRG","NETSUITE"
"PRG","CRPRG","Nimble"
"PRG","CRPRG","Oncontact"
"PRG","CRPRG","Oracle"
"PRG","CRPRG","PegaSys"
"PRG","CRPRG","Pipedrive"
"PRG","CRPRG","PIVOTAL"
"PRG","CRPRG","Sage"
"PRG","CRPRG","SALESLOGIX"
"PRG","CRPRG","SAP"
"PRG","CRPRG","Satmetrix"
"PRG","CRPRG","SOFFRONT"
"PRG","CRPRG","SUGAR-CRM"
"PRG","CRPRG","Sugar-CRM"
"PRG","CRPRG","SUPEROFFICE"
"PRG","CRPRG","Swiftpage"
"PRG","CRPRG","Talisma"
"PRG","CRPRG","TargetX"
"PRG","CRPRG","Vtiger"
"PRG","CRPRG","ZOHO"
"PRG","DBPRG","1010Data"
"PRG","DBPRG","Actian"
"PRG","DBPRG","Aerospike"
"PRG","DBPRG","Amazon"
"PRG","DBPRG","Apache-Soft"
"PRG","DBPRG","Apple"
"PRG","DBPRG","Atlassian"
"PRG","DBPRG","Autodesk"
"PRG","DBPRG","Basho"
"PRG","DBPRG","BrightTag"
"PRG","DBPRG","Cloudant"
"PRG","DBPRG","Cloudera"
"PRG","DBPRG","Clustrix"
"PRG","DBPRG","Couchbase"
"PRG","DBPRG","Datameer"
"PRG","DBPRG","DataStax"
"PRG","DBPRG","Ensighten"
"PRG","DBPRG","ENTDB"
"PRG","DBPRG","FileMaker"
"PRG","DBPRG","Google"
"PRG","DBPRG","Hortonworks"
"PRG","DBPRG","HP"
"PRG","DBPRG","IBM"
"PRG","DBPRG","Informatica"
"PRG","DBPRG","InterSystem"
"PRG","DBPRG","Kognitio"
"PRG","DBPRG","MapR"
"PRG","DBPRG","MariaDB"
"PRG","DBPRG","MarkLogic"
"PRG","DBPRG","MICROSOFT"
"PRG","DBPRG","MongoDB"
"PRG","DBPRG","Neo4j"
"PRG","DBPRG","Objectivity"
"PRG","DBPRG","ORACLE"
"PRG","DBPRG","Oracle"
"PRG","DBPRG","OrientTechs"
"PRG","DBPRG","OTHER"
"PRG","DBPRG","ParAccel"
"PRG","DBPRG","Percona"
"PRG","DBPRG","PivotalSoft"
"PRG","DBPRG","POSTGRESQL"
"PRG","DBPRG","PostgreSQL"
"PRG","DBPRG","PROGRESS"
"PRG","DBPRG","Quest-sftwr"
"PRG","DBPRG","Red-Hat"
"PRG","DBPRG","ReliaSoft"
"PRG","DBPRG","Riversand"
"PRG","DBPRG","SAP"
"PRG","DBPRG","SAS"
"PRG","DBPRG","Siebel"
"PRG","DBPRG","SOFTWARE-AG"
"PRG","DBPRG","Software-ag"
"PRG","DBPRG","Stibo Sys"
"PRG","DBPRG","SYBASE"
"PRG","DBPRG","Sybase"
"PRG","DBPRG","TagMan"
"PRG","DBPRG","Talend"
"PRG","DBPRG","Tealium"
"PRG","DBPRG","Teradata"
"PRG","DBPRG","Tibco"
"PRG","DBPRG","Vertica"
"PRG","DBPRG","VoltDB"
"PRG","DKERP","Acumatica"
"PRG","DKERP","AdptvInsght"
"PRG","DKERP","Anaplan"
"PRG","DKERP","Appian Corp"
"PRG","DKERP","Aptean"
"PRG","DKERP","ASG"
"PRG","DKERP","Aurea"
"PRG","DKERP","BWise"
"PRG","DKERP","CDCSOFTWARE"
"PRG","DKERP","Cincom"
"PRG","DKERP","Deltek"
"PRG","DKERP","EMC"
"PRG","DKERP","Epicor"
"PRG","DKERP","Exact"
"PRG","DKERP","Friedman"
"PRG","DKERP","Fujitsu"
"PRG","DKERP","Global Shop"
"PRG","DKERP","HostAnlytcs"
"PRG","DKERP","IBM"
"PRG","DKERP","IFS"
"PRG","DKERP","Infor"
"PRG","DKERP","KCI"
"PRG","DKERP","Kofax"
"PRG","DKERP","Kyriba"
"PRG","DKERP","Lawson"
"PRG","DKERP","Longview"
"PRG","DKERP","McAfee"
"PRG","DKERP","Microsoft"
"PRG","DKERP","NAVEXGlobal"
"PRG","DKERP","NetSuite"
"PRG","DKERP","Openbravo"
"PRG","DKERP","Open-Text"
"PRG","DKERP","Oracle"
"PRG","DKERP","PegaSys"
"PRG","DKERP","Prophix"
"PRG","DKERP","QAD"
"PRG","DKERP","Qualiware"
"PRG","DKERP","Reval"
"PRG","DKERP","Sage"
"PRG","DKERP","SAI Global"
"PRG","DKERP","SAP"
"PRG","DKERP","Software-ag"
"PRG","DKERP","Solver"
"PRG","DKERP","SYSPRO"
"PRG","DKERP","ThomsnRetrs"
"PRG","DKERP","Tibco"
"PRG","DKERP","Tidemark"
"PRG","DKERP","Troux"
"PRG","DKERP","UNIT4"
"PRG","DKERP","Visibility"
"PRG","DMPRG","Adobe"
"PRG","DMPRG","Alfresco"
"PRG","DMPRG","Amazon"
"PRG","DMPRG","ASG"
"PRG","DMPRG","Atex"
"PRG","DMPRG","AvePoint"
"PRG","DMPRG","Box.net"
"PRG","DMPRG","Cabinet"
"PRG","DMPRG","Canto Inc"
"PRG","DMPRG","Compulink"
"PRG","DMPRG","docSTAR"
"PRG","DMPRG","DocuWare"
"PRG","DMPRG","Dropbox"
"PRG","DMPRG","DST-INTL"
"PRG","DMPRG","EllisLab"
"PRG","DMPRG","EMC"
"PRG","DMPRG","Epicor"
"PRG","DMPRG","Esker"
"PRG","DMPRG","Google"
"PRG","DMPRG","HP"
"PRG","DMPRG","Hyland Soft"
"PRG","DMPRG","IBM"
"PRG","DMPRG","IntraLinks"
"PRG","DMPRG","Kapost"
"PRG","DMPRG","KnowldgLake"
"PRG","DMPRG","Kofax"
"PRG","DMPRG","LexisNexis"
"PRG","DMPRG","limelight"
"PRG","DMPRG","Metalogix"
"PRG","DMPRG","M-Files"
"PRG","DMPRG","Microsoft"
"PRG","DMPRG","NetDocs"
"PRG","DMPRG","Open-Text"
"PRG","DMPRG","Oracle"
"PRG","DMPRG","Perceptive"
"PRG","DMPRG","PerceptveSw"
"PRG","DMPRG","SAP"
"PRG","DMPRG","ShareFile"
"PRG","DMPRG","ThomsnRetrs"
"PRG","DMPRG","Veeva Sys"
"PRG","DMPRG","Vertafore"
"PRG","DMPRG","Worldox"
"PRG","DMPRG","Xerox"
"PRG","DMPRG","YSoft"
"PRG","DRPRG","Everbridge"
"PRG","DRPRG","HP"
"PRG","DRPRG","NetApp"
"PRG","DRPRG","Neverfail"
"PRG","DRPRG","Quest-sftwr"
"PRG","DRPRG","VMware"
"PRG","DSPRG","Accela"
"PRG","DSPRG","Accelrys"
"PRG","DSPRG","Accenture"
"PRG","DSPRG","Adobe"
"PRG","DSPRG","AgilenTech"
"PRG","DSPRG","Aldec"
"PRG","DSPRG","ALLDATA"
"PRG","DSPRG","Altair"
"PRG","DSPRG","Altium"
"PRG","DSPRG","Altova"
"PRG","DSPRG","ANSYS"
"PRG","DSPRG","Apache-Soft"
"PRG","DSPRG","Apple"
"PRG","DSPRG","APPLIED-SYS"
"PRG","DSPRG","Articulate"
"PRG","DSPRG","Aspose"
"PRG","DSPRG","Attivio"
"PRG","DSPRG","Audatex"
"PRG","DSPRG","AUTODESK"
"PRG","DSPRG","Autodesk"
"PRG","DSPRG","BENTLEY"
"PRG","DSPRG","Bentley"
"PRG","DSPRG","Blue-Marble"
"PRG","DSPRG","CampBrain"
"PRG","DSPRG","CampMinder"
"PRG","DSPRG","CGI"
"PRG","DSPRG","Cimatron"
"PRG","DSPRG","CNCSoft"
"PRG","DSPRG","Confirmit"
"PRG","DSPRG","CooprPwrSys"
"PRG","DSPRG","Corel"
"PRG","DSPRG","Coveo"
"PRG","DSPRG","CRYENGINE"
"PRG","DSPRG","DASSAULT"
"PRG","DSPRG","Dassault"
"PRG","DSPRG","Datasift"
"PRG","DSPRG","Delcam"
"PRG","DSPRG","DowJones"
"PRG","DSPRG","dSPACE"
"PRG","DSPRG","dtSearch"
"PRG","DSPRG","DundsDtaVis"
"PRG","DSPRG","EDS"
"PRG","DSPRG","Elstcsearch"
"PRG","DSPRG","ESRI"
"PRG","DSPRG","FumeFX"
"PRG","DSPRG","Globoforce"
"PRG","DSPRG","Gnip"
"PRG","DSPRG","GOOGLE"
"PRG","DSPRG","Google"
"PRG","DSPRG","Graphisoft"
"PRG","DSPRG","GumshoeKI"
"PRG","DSPRG","HP"
"PRG","DSPRG","HydroCAD"
"PRG","DSPRG","IBM"
"PRG","DSPRG","Innovyze"
"PRG","DSPRG","iRise"
"PRG","DSPRG","KeyShot"
"PRG","DSPRG","Lectora"
"PRG","DSPRG","Loftware"
"PRG","DSPRG","LttdGeogrph"
"PRG","DSPRG","LucidWorks"
"PRG","DSPRG","MAXON-COMP"
"PRG","DSPRG","McNeelNAmrc"
"PRG","DSPRG","Mentor"
"PRG","DSPRG","MICROSOFT"
"PRG","DSPRG","Microsoft"
"PRG","DSPRG","MSC"
"PRG","DSPRG","NAPATRACS"
"PRG","DSPRG","NatInstrmnt"
"PRG","DSPRG","NOVELL"
"PRG","DSPRG","NuanceComms"
"PRG","DSPRG","OCTanner"
"PRG","DSPRG","OmniGroup"
"PRG","DSPRG","OneShield"
"PRG","DSPRG","OptiTexIntl"
"PRG","DSPRG","Oracle"
"PRG","DSPRG","Paradigm"
"PRG","DSPRG","PitnyBwsSft"
"PRG","DSPRG","Pixar"
"PRG","DSPRG","PixelFarm"
"PRG","DSPRG","Pixologic"
"PRG","DSPRG","Presagis"
"PRG","DSPRG","PTC"
"PRG","DSPRG","Qualtrics"
"PRG","DSPRG","QUARK"
"PRG","DSPRG","Questionmrk"
"PRG","DSPRG","Quest-sftwr"
"PRG","DSPRG","RedGiant"
"PRG","DSPRG","SAP"
"PRG","DSPRG","Schlumbergr"
"PRG","DSPRG","SDL"
"PRG","DSPRG","Siemens"
"PRG","DSPRG","Silvaco"
"PRG","DSPRG","SnapSurveys"
"PRG","DSPRG","SolidCAM"
"PRG","DSPRG","Sony"
"PRG","DSPRG","SpaceClaim"
"PRG","DSPRG","SumTotalSys"
"PRG","DSPRG","SurveyGizmo"
"PRG","DSPRG","SurveyMnkey"
"PRG","DSPRG","Synopsys"
"PRG","DSPRG","Tebis"
"PRG","DSPRG","Tekla"
"PRG","DSPRG","ToonBoom"
"PRG","DSPRG","Topsy"
"PRG","DSPRG","TrimbleNav"
"PRG","DSPRG","Vertafore"
"PRG","DSPRG","Wimba"
"PRG","DSPRG","Xerox"
"PRG","DSPRG","Zuken"
"PRG","DTPRG","Adobe"
"PRG","DTPRG","ADPAC"
"PRG","DTPRG","AirWatch"
"PRG","DTPRG","Akamai"
"PRG","DTPRG","Amazon"
"PRG","DTPRG","Angular"
"PRG","DTPRG","Apache-Soft"
"PRG","DTPRG","Appceleratr"
"PRG","DTPRG","AppDynamics"
"PRG","DTPRG","Apple"
"PRG","DTPRG","Aptana"
"PRG","DTPRG","Atlassian"
"PRG","DTPRG","AtmtnAnywhr"
"PRG","DTPRG","Axure"
"PRG","DTPRG","Backbase"
"PRG","DTPRG","Badgeville"
"PRG","DTPRG","BORLAND"
"PRG","DTPRG","Borland"
"PRG","DTPRG","BrightEdge"
"PRG","DTPRG","BrightTALK"
"PRG","DTPRG","BrowsrStack"
"PRG","DTPRG","BULL"
"PRG","DTPRG","CA"
"PRG","DTPRG","Citrix"
"PRG","DTPRG","Clicktale"
"PRG","DTPRG","CodeIgniter"
"PRG","DTPRG","COGNOS"
"PRG","DTPRG","CollabNet"
"PRG","DTPRG","COMPILER"
"PRG","DTPRG","Compuware"
"PRG","DTPRG","CoverItLive"
"PRG","DTPRG","Coverity"
"PRG","DTPRG","CrazyEgg"
"PRG","DTPRG","Cucumber"
"PRG","DTPRG","Dell"
"PRG","DTPRG","Delphix"
"PRG","DTPRG","DevExpress"
"PRG","DTPRG","Docker"
"PRG","DTPRG","DocuSign"
"PRG","DTPRG","EasyMock"
"PRG","DTPRG","ECLIPSE"
"PRG","DTPRG","EMACS"
"PRG","DTPRG","EtQ"
"PRG","DTPRG","Formsite"
"PRG","DTPRG","Formstack"
"PRG","DTPRG","Google"
"PRG","DTPRG","HP"
"PRG","DTPRG","IBM"
"PRG","DTPRG","Inflectra"
"PRG","DTPRG","Informatica"
"PRG","DTPRG","InfoVista"
"PRG","DTPRG","Infragistic"
"PRG","DTPRG","Intuit"
"PRG","DTPRG","Janrain"
"PRG","DTPRG","Jenkins"
"PRG","DTPRG","Jetbrains"
"PRG","DTPRG","Jotform"
"PRG","DTPRG","KenticoSoft"
"PRG","DTPRG","LANSA"
"PRG","DTPRG","LAWSON"
"PRG","DTPRG","Liferay"
"PRG","DTPRG","MassRelevnc"
"PRG","DTPRG","MasterCtrl"
"PRG","DTPRG","MaxMind"
"PRG","DTPRG","McAfee"
"PRG","DTPRG","mendix"
"PRG","DTPRG","Micro-Focus"
"PRG","DTPRG","MICROSOFT"
"PRG","DTPRG","Microsoft"
"PRG","DTPRG","MobileIron"
"PRG","DTPRG","Neotys"
"PRG","DTPRG","NetSuite"
"PRG","DTPRG","New Relic"
"PRG","DTPRG","nextopia"
"PRG","DTPRG","Offerpop"
"PRG","DTPRG","OpenResty"
"PRG","DTPRG","OpinionLab"
"PRG","DTPRG","ORACLE"
"PRG","DTPRG","Oracle"
"PRG","DTPRG","Panaya"
"PRG","DTPRG","Parasoft"
"PRG","DTPRG","PERFORCE"
"PRG","DTPRG","PrfctoMbile"
"PRG","DTPRG","QNX SoftSys"
"PRG","DTPRG","qualaroo"
"PRG","DTPRG","questback"
"PRG","DTPRG","Quest-sftwr"
"PRG","DTPRG","Ranorex"
"PRG","DTPRG","RATIONAL"
"PRG","DTPRG","Red-Hat"
"PRG","DTPRG","Rocket Soft"
"PRG","DTPRG","RubyonRails"
"PRG","DTPRG","SAP"
"PRG","DTPRG","SeapineSoft"
"PRG","DTPRG","Selenium"
"PRG","DTPRG","Sencha"
"PRG","DTPRG","SERENA"
"PRG","DTPRG","Serena"
"PRG","DTPRG","ServiceNow"
"PRG","DTPRG","SmartBearSw"
"PRG","DTPRG","SOASTA"
"PRG","DTPRG","SYBASE"
"PRG","DTPRG","Sybase"
"PRG","DTPRG","Symantec"
"PRG","DTPRG","Symfony"
"PRG","DTPRG","SYNON"
"PRG","DTPRG","TechExcel"
"PRG","DTPRG","Telerik"
"PRG","DTPRG","Temenos"
"PRG","DTPRG","Tibco"
"PRG","DTPRG","TortoiseSVN"
"PRG","DTPRG","Tripwire"
"PRG","DTPRG","Unbounce"
"PRG","DTPRG","VMware"
"PRG","DTPRG","Watir"
"PRG","DTPRG","WavelnkCorp"
"PRG","DTPRG","WebCollage"
"PRG","DTPRG","WordStream"
"PRG","DTPRG","Worksoft"
"PRG","DTPRG","Wufoo"
"PRG","DTPRG","Xamarin"
"PRG","DTPRG","Yext"
"PRG","DTPRG","zoho"
"PRG","EDPRG","Blackboard"
"PRG","EDPRG","Callidus"
"PRG","EDPRG","Datatel"
"PRG","EDPRG","Desire2Lrn"
"PRG","EDPRG","Docebo"
"PRG","EDPRG","Edmodo"
"PRG","EDPRG","Ellucian"
"PRG","EDPRG","Haiku"
"PRG","EDPRG","Hobsons"
"PRG","EDPRG","Instructure"
"PRG","EDPRG","Moodle"
"PRG","EDPRG","Naviance"
"PRG","EDPRG","Oracle"
"PRG","EDPRG","Pearson Edu"
"PRG","EDPRG","Schoology"
"PRG","EDPRG","Skillsoft"
"PRG","EIPRG","IBM"
"PRG","EIPRG","ORACLE"
"PRG","EIPRG","OTHER"
"PRG","EIPRG","SAP"
"PRG","EIPRG","TIBCO"
"PRG","EIPRG","WEBMETHODS"
"PRG","EMPRG","1and1"
"PRG","EMPRG","AWeber"
"PRG","EMPRG","CITADEL"
"PRG","EMPRG","COMMTOUCH"
"PRG","EMPRG","ConstntCont"
"PRG","EMPRG","Courier"
"PRG","EMPRG","Dovecot"
"PRG","EMPRG","Echoworx"
"PRG","EMPRG","Eudora"
"PRG","EMPRG","EXIM"
"PRG","EMPRG","Experian"
"PRG","EMPRG","GODADDY"
"PRG","EMPRG","GOOGLE"
"PRG","EMPRG","hMailServer"
"PRG","EMPRG","Hostgator"
"PRG","EMPRG","IA MailServ"
"PRG","EMPRG","ICEWARP"
"PRG","EMPRG","MailChimp"
"PRG","EMPRG","MAILENABLE"
"PRG","EMPRG","McAfee"
"PRG","EMPRG","Merak"
"PRG","EMPRG","MERCURY"
"PRG","EMPRG","MICROSOFT"
"PRG","EMPRG","Microsoft"
"PRG","EMPRG","Mimecast"
"PRG","EMPRG","NetWin"
"PRG","EMPRG","Olark"
"PRG","EMPRG","OpenSource"
"PRG","EMPRG","Plesk"
"PRG","EMPRG","POSTFIX"
"PRG","EMPRG","Qmail"
"PRG","EMPRG","Qpopper"
"PRG","EMPRG","Responsys"
"PRG","EMPRG","Salesforce"
"PRG","EMPRG","Samba"
"PRG","EMPRG","SendGrid"
"PRG","EMPRG","SmarterMail"
"PRG","EMPRG","SnapEngage"
"PRG","EMPRG","Symantec"
"PRG","EMPRG","Tibco"
"PRG","EMPRG","University"
"PRG","EMPRG","Velaro"
"PRG","EMPRG","Vocus"
"PRG","EMPRG","XWALL"
"PRG","ERP","AGRESSO"
"PRG","ERP","SAGE"
"PRG","FWALL","Barracuda N"
"PRG","FWALL","CHECKPOINT"
"PRG","FWALL","Cisco"
"PRG","FWALL","Citrix"
"PRG","FWALL","Cyberoam"
"PRG","FWALL","D-LINK"
"PRG","FWALL","FireBrick"
"PRG","FWALL","Imperva"
"PRG","FWALL","SONICWALL"
"PRG","GEPRG","Enablon"
"PRG","GEPRG","Gensuite"
"PRG","GEPRG","Medgate"
"PRG","GEPRG","Verisae"
"PRG","GPPRG","Click"
"PRG","GPPRG","Corrigo"
"PRG","GPPRG","Fleetmatics"
"PRG","GPPRG","Geotab"
"PRG","GPPRG","Oracle"
"PRG","GPPRG","ServiceMax"
"PRG","GPPRG","ServicePowr"
"PRG","GPPRG","Telogis"
"PRG","GPPRG","TrimbleNav"
"PRG","GPPRG","WennSoft"
"PRG","HRERP","ACCPAC"
"PRG","HRERP","ADP"
"PRG","HRERP","IBM"
"PRG","HRERP","INTEGRAL"
"PRG","HRERP","LAWSON"
"PRG","HRERP","MICROSOFT"
"PRG","HRERP","ORACLE"
"PRG","HRERP","PEOPLESOFT"
"PRG","HRERP","ROSS"
"PRG","HRERP","SAGE"
"PRG","HRERP","SAP"
"PRG","HRERP","SSA"
"PRG","HRPRG","AcquireTM"
"PRG","HRPRG","ADP"
"PRG","HRPRG","AmicusAttrn"
"PRG","HRPRG","Ascentis"
"PRG","HRPRG","Asure Soft"
"PRG","HRPRG","Avature"
"PRG","HRPRG","BambooHR"
"PRG","HRPRG","Beeline"
"PRG","HRPRG","Bullhorn"
"PRG","HRPRG","Ceridian"
"PRG","HRPRG","CGI"
"PRG","HRPRG","Cluen"
"PRG","HRPRG","CONCUR"
"PRG","HRPRG","CORNERSTONE"
"PRG","HRPRG","EMC"
"PRG","HRPRG","ExactHire"
"PRG","HRPRG","Expensify"
"PRG","HRPRG","HireVue"
"PRG","HRPRG","HiringThing"
"PRG","HRPRG","HlthcrSourc"
"PRG","HRPRG","HRsmart"
"PRG","HRPRG","IBM"
"PRG","HRPRG","iCIMS"
"PRG","HRPRG","Infor"
"PRG","HRPRG","IntervwStrm"
"PRG","HRPRG","IssueTrak"
"PRG","HRPRG","JobDiva"
"PRG","HRPRG","Jobscience"
"PRG","HRPRG","Jobscore"
"PRG","HRPRG","Jobvite"
"PRG","HRPRG","Journyx"
"PRG","HRPRG","Kenexa"
"PRG","HRPRG","KRONOS"
"PRG","HRPRG","Kronos"
"PRG","HRPRG","Kwantek"
"PRG","HRPRG","LinkedIn"
"PRG","HRPRG","Meta4"
"PRG","HRPRG","myStaffgPro"
"PRG","HRPRG","NCR"
"PRG","HRPRG","Needles"
"PRG","HRPRG","NICESys"
"PRG","HRPRG","NOVAtime"
"PRG","HRPRG","ORACLE"
"PRG","HRPRG","Oracle"
"PRG","HRPRG","ownCloud"
"PRG","HRPRG","Paychex"
"PRG","HRPRG","Paycom"
"PRG","HRPRG","Paycor"
"PRG","HRPRG","Paylocity"
"PRG","HRPRG","PCrecruiter"
"PRG","HRPRG","PegaSys"
"PRG","HRPRG","PeopleAdmin"
"PRG","HRPRG","Pplfluent"
"PRG","HRPRG","PplMatter"
"PRG","HRPRG","Replicon"
"PRG","HRPRG","Resumator"
"PRG","HRPRG","Saba Soft"
"PRG","HRPRG","Sage"
"PRG","HRPRG","SAP"
"PRG","HRPRG","SilkRoad"
"PRG","HRPRG","SmrtRecrtrs"
"PRG","HRPRG","SOFTWARE+"
"PRG","HRPRG","SumTotalSys"
"PRG","HRPRG","SunGard"
"PRG","HRPRG","Synygy"
"PRG","HRPRG","ThmsnReutrs"
"PRG","HRPRG","TriNet"
"PRG","HRPRG","Ulti Soft"
"PRG","HRPRG","Workday"
"PRG","HRPRG","Xactly"
"PRG","HRPRG","ZipRecruitr"
"PRG","HRPRG","zoho"
"PRG","IAAS","1and1"
"PRG","IAAS","Amazon"
"PRG","IAAS","Apple"
"PRG","IAAS","AppSense"
"PRG","IAAS","Apptix"
"PRG","IAAS","Attach-WRQ"
"PRG","IAAS","BMC"
"PRG","IAAS","Brocade"
"PRG","IAAS","Cisco"
"PRG","IAAS","Citrix"
"PRG","IAAS","Confluence"
"PRG","IAAS","Contegix"
"PRG","IAAS","CyrusOne"
"PRG","IAAS","Datapipe"
"PRG","IAAS","Dedicated H"
"PRG","IAAS","Dell"
"PRG","IAAS","DigitlOcean"
"PRG","IAAS","DOSarrest"
"PRG","IAAS","DreamHost"
"PRG","IAAS","Dyn"
"PRG","IAAS","Egnyte"
"PRG","IAAS","EMC"
"PRG","IAAS","eNom"
"PRG","IAAS","Equinix"
"PRG","IAAS","Fastly Host"
"PRG","IAAS","Firehost"
"PRG","IAAS","GODADDY"
"PRG","IAAS","Google"
"PRG","IAAS","Hosting.com"
"PRG","IAAS","HP"
"PRG","IAAS","IBM"
"PRG","IAAS","Informatica"
"PRG","IAAS","ISC"
"PRG","IAAS","Jitterbit"
"PRG","IAAS","Joyent"
"PRG","IAAS","Latisys"
"PRG","IAAS","Level3"
"PRG","IAAS","Linode"
"PRG","IAAS","LquidwreLbs"
"PRG","IAAS","MediaTemple"
"PRG","IAAS","Microsoft"
"PRG","IAAS","nasuni"
"PRG","IAAS","NaviSite"
"PRG","IAAS","Neustar"
"PRG","IAAS","OnApp"
"PRG","IAAS","OpenSource"
"PRG","IAAS","Oracle"
"PRG","IAAS","OVH"
"PRG","IAAS","Parallels"
"PRG","IAAS","Peak 10"
"PRG","IAAS","PingIdentit"
"PRG","IAAS","PivotalSoft"
"PRG","IAAS","PowerDNS"
"PRG","IAAS","Quantum"
"PRG","IAAS","RACKSPACE"
"PRG","IAAS","Red-Hat"
"PRG","IAAS","RightScale"
"PRG","IAAS","Savvis"
"PRG","IAAS","ServiceNow"
"PRG","IAAS","SoftLayer"
"PRG","IAAS","SUSE"
"PRG","IAAS","Telepacific"
"PRG","IAAS","Teradici"
"PRG","IAAS","Unidesk"
"PRG","IAAS","Virtustream"
"PRG","IAAS","VMware"
"PRG","IAAS","Windstream"
"PRG","IAAS","Zayo"
"PRG","IMERP","Accellos"
"PRG","IMERP","Manhattan"
"PRG","IMERP","Oracle"
"PRG","IMERP","SAP"
"PRG","IMERP","SmartOps"
"PRG","ISPRG","Epic Sys"
"PRG","ITOM","Apptio"
"PRG","ITOM","ASG"
"PRG","ITOM","Automic"
"PRG","ITOM","Axios"
"PRG","ITOM","BMC"
"PRG","ITOM","CA"
"PRG","ITOM","CherwelSoft"
"PRG","ITOM","Cisco"
"PRG","ITOM","Dassault"
"PRG","ITOM","Dell"
"PRG","ITOM","EasyVista"
"PRG","ITOM","EMC"
"PRG","ITOM","ExtraHopNet"
"PRG","ITOM","FileWave"
"PRG","ITOM","Gigamon"
"PRG","ITOM","Globalscape"
"PRG","ITOM","Hitachi"
"PRG","ITOM","Hornbill"
"PRG","ITOM","HP"
"PRG","ITOM","IBM"
"PRG","ITOM","Infor"
"PRG","ITOM","Inmagic"
"PRG","ITOM","Ixia"
"PRG","ITOM","JAMF"
"PRG","ITOM","Kalido"
"PRG","ITOM","Kaseya"
"PRG","ITOM","LabWare"
"PRG","ITOM","LANDeskSoft"
"PRG","ITOM","Matrix42"
"PRG","ITOM","Microsoft"
"PRG","ITOM","Nagios"
"PRG","ITOM","NetApp"
"PRG","ITOM","NetInstrmnt"
"PRG","ITOM","NetIQ"
"PRG","ITOM","NetScout"
"PRG","ITOM","NetSuite"
"PRG","ITOM","Nimsoft"
"PRG","ITOM","Opscode"
"PRG","ITOM","Oracle"
"PRG","ITOM","PTC"
"PRG","ITOM","Puppet Labs"
"PRG","ITOM","QuartzSched"
"PRG","ITOM","SaltStack"
"PRG","ITOM","Samanage"
"PRG","ITOM","SAP"
"PRG","ITOM","Siemens"
"PRG","ITOM","Symantec"
"PRG","ITOM","TeamQuest"
"PRG","ITOM","TOPdesk"
"PRG","ITOM","VisionSolns"
"PRG","ITOM","VMTurbo"
"PRG","ITOM","VMware"
"PRG","ITPRG","BMC"
"PRG","ITPRG","CA"
"PRG","ITPRG","Cynergy"
"PRG","ITPRG","EnhanceSoft"
"PRG","ITPRG","Freshdesk"
"PRG","ITPRG","FRONTRANGE"
"PRG","ITPRG","Help Scout"
"PRG","ITPRG","HP"
"PRG","ITPRG","Kayako"
"PRG","ITPRG","LiveAgent"
"PRG","ITPRG","NetSupport"
"PRG","ITPRG","Oracle"
"PRG","ITPRG","Salesforce"
"PRG","ITPRG","Spiceworks"
"PRG","ITPRG","Support Her"
"PRG","ITPRG","SysAid"
"PRG","ITPRG","UserVoice"
"PRG","ITPRG","Zendesk"
"PRG","LGPRG","AccessData"
"PRG","LGPRG","Aderant"
"PRG","LGPRG","Bloomberg"
"PRG","LGPRG","EMC"
"PRG","LGPRG","Exterro"
"PRG","LGPRG","HP"
"PRG","LGPRG","IBM"
"PRG","LGPRG","IntApp"
"PRG","LGPRG","kCura"
"PRG","LGPRG","Lawtrac"
"PRG","LGPRG","LexisNexis"
"PRG","LGPRG","Mitratech"
"PRG","LGPRG","Nuix"
"PRG","LGPRG","Open-Text"
"PRG","LGPRG","Recommind"
"PRG","LGPRG","Symantec"
"PRG","LGPRG","ThemisSolns"
"PRG","LGPRG","ThomsnRetrs"
"PRG","LGPRG","TyMetrix"
"PRG","LGPRG","Westlaw"
"PRG","MAPRG","ANSYS"
"PRG","MAPRG","Autodesk"
"PRG","MAPRG","Bentley"
"PRG","MAPRG","Dassault"
"PRG","MAPRG","EtaPRO"
"PRG","MAPRG","Geosoft"
"PRG","MAPRG","ICONICS"
"PRG","MAPRG","InfinityQS"
"PRG","MAPRG","Invensys"
"PRG","MAPRG","Maptek"
"PRG","MAPRG","MICROMINE"
"PRG","MAPRG","MSC"
"PRG","MAPRG","Oracle"
"PRG","MAPRG","PTC"
"PRG","MAPRG","RockwelAuto"
"PRG","MAPRG","Rocscience"
"PRG","MAPRG","SAP"
"PRG","MAPRG","Schlumbergr"
"PRG","MAPRG","Siemens"
"PRG","MAPRG","Thermoflow"
"PRG","MAPRG","Tibco"
"PRG","MDPRG","3M"
"PRG","MDPRG","Allscripts"
"PRG","MDPRG","Athenahlth"
"PRG","MDPRG","AVImark"
"PRG","MDPRG","Brightree"
"PRG","MDPRG","Caradigm"
"PRG","MDPRG","Cerner"
"PRG","MDPRG","CPSI"
"PRG","MDPRG","Eaglesoft"
"PRG","MDPRG","ECLINICALWK"
"PRG","MDPRG","Edifacs"
"PRG","MDPRG","Elekta"
"PRG","MDPRG","Epic Sys"
"PRG","MDPRG","FairWarning"
"PRG","MDPRG","gMed"
"PRG","MDPRG","Healthland"
"PRG","MDPRG","HeartWare"
"PRG","MDPRG","HmcareHmbse"
"PRG","MDPRG","Hologic"
"PRG","MDPRG","Imprivata"
"PRG","MDPRG","McKesson"
"PRG","MDPRG","Medhost"
"PRG","MDPRG","Medidata"
"PRG","MDPRG","MEDITECH"
"PRG","MDPRG","NextGen"
"PRG","MDPRG","nuancecomms"
"PRG","MDPRG","OfficeMate"
"PRG","MDPRG","Omnicell"
"PRG","MDPRG","Optum"
"PRG","MDPRG","OptumInsght"
"PRG","MDPRG","Philips"
"PRG","MDPRG","PractceFusn"
"PRG","MDPRG","Stryker"
"PRG","MDPRG","Sunquest"
"PRG","MDPRG","TeleTrackng"
"PRG","MDPRG","Terumo"
"PRG","MDPRG","Toshiba"
"PRG","MDPRG","Trizetto"
"PRG","MDPRG","Varian"
"PRG","MDPRG","Vocera"
"PRG","MDPRG","Winscribe"
"PRG","MEPRG","Adobe"
"PRG","MEPRG","Autodesk"
"PRG","MEPRG","Avid-Tech"
"PRG","MEPRG","BlkmgcDesgn"
"PRG","MEPRG","Cakewalk"
"PRG","MEPRG","Dalet"
"PRG","MEPRG","NewTek"
"PRG","MEPRG","Quantel"
"PRG","MEPRG","Sony"
"PRG","MEPRG","Vizrt"
"PRG","MPPRG","Acquisio"
"PRG","MPPRG","Act-On Soft"
"PRG","MPPRG","Acxiom"
"PRG","MPPRG","Adblade"
"PRG","MPPRG","Adestra"
"PRG","MPPRG","Adobe"
"PRG","MPPRG","AdRoll"
"PRG","MPPRG","Adzerk"
"PRG","MPPRG","AggrgtKnowl"
"PRG","MPPRG","Alterian"
"PRG","MPPRG","AppNexus"
"PRG","MPPRG","Aprimo"
"PRG","MPPRG","BrightRoll"
"PRG","MPPRG","Bus Wire"
"PRG","MPPRG","BuzzStream"
"PRG","MPPRG","Callidus"
"PRG","MPPRG","Centiv"
"PRG","MPPRG","Certona"
"PRG","MPPRG","Cision"
"PRG","MPPRG","ClickDmnsns"
"PRG","MPPRG","CmpaignMntr"
"PRG","MPPRG","Conversant"
"PRG","MPPRG","Criteo"
"PRG","MPPRG","Cvent"
"PRG","MPPRG","DataXu"
"PRG","MPPRG","Delivra"
"PRG","MPPRG","Demandbase"
"PRG","MPPRG","DigitalRivr"
"PRG","MPPRG","Dotomi"
"PRG","MPPRG","Eloqua"
"PRG","MPPRG","Epsilon"
"PRG","MPPRG","Esko"
"PRG","MPPRG","etouches"
"PRG","MPPRG","eTrigue"
"PRG","MPPRG","Eventbrite"
"PRG","MPPRG","EventPro"
"PRG","MPPRG","ExactTarget"
"PRG","MPPRG","GetResponse"
"PRG","MPPRG","GOOGLE"
"PRG","MPPRG","Google"
"PRG","MPPRG","Gorkana"
"PRG","MPPRG","HasOffers"
"PRG","MPPRG","HP"
"PRG","MPPRG","HubSpot"
"PRG","MPPRG","IBM"
"PRG","MPPRG","IgnitionOne"
"PRG","MPPRG","Infusoft"
"PRG","MPPRG","Intuit"
"PRG","MPPRG","Kenshoo"
"PRG","MPPRG","LeadFormix"
"PRG","MPPRG","LeadLander"
"PRG","MPPRG","LeadMaster"
"PRG","MPPRG","LinkShare"
"PRG","MPPRG","LinkTrust"
"PRG","MPPRG","Listrak"
"PRG","MPPRG","Liveramp"
"PRG","MPPRG","LoopFuse"
"PRG","MPPRG","Lotame"
"PRG","MPPRG","Lyris"
"PRG","MPPRG","Marchex"
"PRG","MPPRG","MarinSoft"
"PRG","MPPRG","Marketo"
"PRG","MPPRG","Marketwire"
"PRG","MPPRG","Maxymiser"
"PRG","MPPRG","mediaFORGE"
"PRG","MPPRG","MediaMath"
"PRG","MPPRG","Mercent"
"PRG","MPPRG","mindmatrix"
"PRG","MPPRG","Nanigans"
"PRG","MPPRG","OpenX"
"PRG","MPPRG","OpnAdStream"
"PRG","MPPRG","Optimizely"
"PRG","MPPRG","Oracle"
"PRG","MPPRG","Pardot"
"PRG","MPPRG","PR Newswire"
"PRG","MPPRG","proposalsft"
"PRG","MPPRG","PubMatic"
"PRG","MPPRG","PulsePoint"
"PRG","MPPRG","Qvidian"
"PRG","MPPRG","RegOnline"
"PRG","MPPRG","Responsys"
"PRG","MPPRG","ReTargeter"
"PRG","MPPRG","RocketFuel"
"PRG","MPPRG","Sailthru"
"PRG","MPPRG","SaleEngInt"
"PRG","MPPRG","Salesforce"
"PRG","MPPRG","SalesFUSION"
"PRG","MPPRG","SAS"
"PRG","MPPRG","SearchDex"
"PRG","MPPRG","Selligent"
"PRG","MPPRG","ShortStack"
"PRG","MPPRG","Shoutlet"
"PRG","MPPRG","SignUp4"
"PRG","MPPRG","Silverpop"
"PRG","MPPRG","SiteSpect"
"PRG","MPPRG","Sizmek"
"PRG","MPPRG","Technorati"
"PRG","MPPRG","Thismoment"
"PRG","MPPRG","Thunderhead"
"PRG","MPPRG","TubeMogul"
"PRG","MPPRG","vendasta"
"PRG","MPPRG","VertRespnse"
"PRG","MPPRG","VisiStat"
"PRG","MPPRG","VisualRevnu"
"PRG","MPPRG","Vocus"
"PRG","MPPRG","WhatCounts"
"PRG","MPPRG","Woobox"
"PRG","MPPRG","Xerox"
"PRG","MPPRG","Yesmail"
"PRG","MPPRG","Yesware"
"PRG","MPPRG","Yieldex"
"PRG","MPPRG","Yodle"
"PRG","MPPRG","YuMe"
"PRG","MPPRG","Zedo"
"PRG","NMPRG","AppNeta"
"PRG","NMPRG","Arbor"
"PRG","NMPRG","Barracuda"
"PRG","NMPRG","BMC"
"PRG","NMPRG","Brocade"
"PRG","NMPRG","CA"
"PRG","NMPRG","Cisco"
"PRG","NMPRG","CLEO"
"PRG","NMPRG","Corvil"
"PRG","NMPRG","CrushFTP"
"PRG","NMPRG","Dell"
"PRG","NMPRG","EMC"
"PRG","NMPRG","Enterasys"
"PRG","NMPRG","Entuity"
"PRG","NMPRG","F5-NETWORKS"
"PRG","NMPRG","FileZilla"
"PRG","NMPRG","Freebsd"
"PRG","NMPRG","Gene6"
"PRG","NMPRG","Globalscape"
"PRG","NMPRG","Gunicorn"
"PRG","NMPRG","HP"
"PRG","NMPRG","Infoblox"
"PRG","NMPRG","InterMapper"
"PRG","NMPRG","Ipswitch"
"PRG","NMPRG","Microsoft"
"PRG","NMPRG","Mirantis"
"PRG","NMPRG","NcFTP"
"PRG","NMPRG","NetApp"
"PRG","NMPRG","NetWin"
"PRG","NMPRG","OpenSource"
"PRG","NMPRG","OpenSSH"
"PRG","NMPRG","ProFTPD"
"PRG","NMPRG","Pure-FTPd"
"PRG","NMPRG","RhinoSoft"
"PRG","NMPRG","Riverbed"
"PRG","NMPRG","SAS"
"PRG","NMPRG","SevOne"
"PRG","NMPRG","Teradata"
"PRG","NMPRG","vsftpd"
"PRG","NMPRG","Xymon"
"PRG","NMPRG","Zenoss"
"PRG","NMPRG","zFTPServer"
"PRG","PAAS","ActiveState"
"PRG","PAAS","Amazon"
"PRG","PAAS","AppFog"
"PRG","PAAS","APPRENDA"
"PRG","PAAS","Caspio"
"PRG","PAAS","Cisco"
"PRG","PAAS","CloudBees"
"PRG","PAAS","Cordys"
"PRG","PAAS","Denodo"
"PRG","PAAS","EMC"
"PRG","PAAS","GigaSpaces"
"PRG","PAAS","Google"
"PRG","PAAS","Hitachi"
"PRG","PAAS","Microsoft"
"PRG","PAAS","NetApp"
"PRG","PAAS","PivotalSoft"
"PRG","PAAS","Red-Hat"
"PRG","PAAS","Salesforce"
"PRG","PAAS","Tibco"
"PRG","PAAS","VMware"
"PRG","PJPRG","37signals"
"PRG","PMERP","Apttus"
"PRG","PMERP","ModelN"
"PRG","PMERP","PROS"
"PRG","PMERP","relayware"
"PRG","PMERP","Siebel"
"PRG","PMERP","Sofon"
"PRG","PMERP","Tibco"
"PRG","PMPRG","AdventSoft"
"PRG","PMPRG","AtTask"
"PRG","PMPRG","Autodesk"
"PRG","PMPRG","BrightWork"
"PRG","PMPRG","CA"
"PRG","PMPRG","Celoxis"
"PRG","PMPRG","ChangePoint"
"PRG","PMPRG","Citrix"
"PRG","PMPRG","Clarizen"
"PRG","PMPRG","Daptiv"
"PRG","PMPRG","Deltek"
"PRG","PMPRG","EcoSys"
"PRG","PMPRG","FgCreekSoft"
"PRG","PMPRG","Fiserv"
"PRG","PMPRG","GenSight"
"PRG","PMPRG","GroveSite"
"PRG","PMPRG","HP"
"PRG","PMPRG","IBM"
"PRG","PMPRG","Innotas"
"PRG","PMPRG","LiquidPlnnr"
"PRG","PMPRG","Mavenlink"
"PRG","PMPRG","MICROSOFT"
"PRG","PMPRG","Microsoft"
"PRG","PMPRG","Morningstar"
"PRG","PMPRG","Newforma"
"PRG","PMPRG","ORACLE"
"PRG","PMPRG","Oracle"
"PRG","PMPRG","PEOPLESOFT"
"PRG","PMPRG","PivotalLabs"
"PRG","PMPRG","Planisware"
"PRG","PMPRG","Planview"
"PRG","PMPRG","ProjtInsght"
"PRG","PMPRG","RallySoft"
"PRG","PMPRG","SAP"
"PRG","PMPRG","Sciforma"
"PRG","PMPRG","Selectica"
"PRG","PMPRG","Software-ag"
"PRG","PMPRG","Tenrox"
"PRG","PMPRG","VersionOne"
"PRG","PMPRG","Workamajig"
"PRG","PMPRG","Wrike"
"PRG","PUERP","Coupa"
"PRG","PUERP","Ivalua"
"PRG","PUERP","Oracle"
"PRG","PUERP","Xchanging"
"PRG","REPRG","Accruent"
"PRG","REPRG","AppFolio"
"PRG","REPRG","ARCHIBUS"
"PRG","REPRG","Buildium"
"PRG","REPRG","Guestware"
"PRG","REPRG","IBM"
"PRG","REPRG","LeaseHarbor"
"PRG","REPRG","Lucernex"
"PRG","REPRG","MICROS"
"PRG","REPRG","Proprtyware"
"PRG","REPRG","RealPage"
"PRG","REPRG","RentManager"
"PRG","REPRG","SAS"
"PRG","REPRG","SbrHsptlity"
"PRG","REPRG","Yardi"
"PRG","RTPRG","CelerntTech"
"PRG","RTPRG","Flipp"
"PRG","RTPRG","Fujitsu"
"PRG","RTPRG","IBM"
"PRG","RTPRG","Island-Pac"
"PRG","RTPRG","MICROS"
"PRG","RTPRG","NCR"
"PRG","RTPRG","Oracle"
"PRG","RTPRG","Predictix"
"PRG","RTPRG","RetailPro"
"PRG","RTPRG","Revionics"
"PRG","RTPRG","SAP"
"PRG","RTPRG","Toshiba"
"PRG","SAAS","Akamai"
"PRG","SAPRG","Acquia"
"PRG","SAPRG","Adobe"
"PRG","SAPRG","AgilityCMS"
"PRG","SAPRG","AMAZON"
"PRG","SAPRG","Brainshark"
"PRG","SAPRG","Brightcove"
"PRG","SAPRG","BuddyPress"
"PRG","SAPRG","Catchpoint"
"PRG","SAPRG","CISCO"
"PRG","SAPRG","CloudFlare"
"PRG","SAPRG","Concrete5"
"PRG","SAPRG","CoreMedia"
"PRG","SAPRG","Crestron"
"PRG","SAPRG","CrownPeak"
"PRG","SAPRG","Dailymotion"
"PRG","SAPRG","DotNetNuke"
"PRG","SAPRG","EdgeCast"
"PRG","SAPRG","Ektron"
"PRG","SAPRG","EPiServer"
"PRG","SAPRG","Flowplayer"
"PRG","SAPRG","GOOGLE"
"PRG","SAPRG","Google"
"PRG","SAPRG","Hannon Hill"
"PRG","SAPRG","HP"
"PRG","SAPRG","IBM"
"PRG","SAPRG","iPerception"
"PRG","SAPRG","Joomla"
"PRG","SAPRG","Kaltura"
"PRG","SAPRG","Kampyle"
"PRG","SAPRG","Kontiki"
"PRG","SAPRG","LifeSize"
"PRG","SAPRG","LiveStream"
"PRG","SAPRG","MagnoliaCMS"
"PRG","SAPRG","Medallia"
"PRG","SAPRG","MediaSilo"
"PRG","SAPRG","MICROSOFT"
"PRG","SAPRG","Microsoft"
"PRG","SAPRG","NationBuldr"
"PRG","SAPRG","NETSUITE"
"PRG","SAPRG","NeuLion"
"PRG","SAPRG","ON24"
"PRG","SAPRG","Ooyala"
"PRG","SAPRG","OpenSource"
"PRG","SAPRG","Open-Text"
"PRG","SAPRG","ORACLE"
"PRG","SAPRG","Oracle"
"PRG","SAPRG","OTHER"
"PRG","SAPRG","Outbrain"
"PRG","SAPRG","Panopto"
"PRG","SAPRG","PaperThin"
"PRG","SAPRG","Parallels"
"PRG","SAPRG","Pingdom"
"PRG","SAPRG","PlineDeals"
"PRG","SAPRG","Qumu"
"PRG","SAPRG","RichRelevnc"
"PRG","SAPRG","Salesboom"
"PRG","SAPRG","SALESFORCE"
"PRG","SAPRG","Salesforce"
"PRG","SAPRG","SAP"
"PRG","SAPRG","SDL"
"PRG","SAPRG","Sitecore"
"PRG","SAPRG","SornsnMedia"
"PRG","SAPRG","Squarespace"
"PRG","SAPRG","Taboola"
"PRG","SAPRG","TechSmith"
"PRG","SAPRG","Telerik"
"PRG","SAPRG","TYPO3"
"PRG","SAPRG","UplandSoft"
"PRG","SAPRG","Ustream"
"PRG","SAPRG","Vbrick"
"PRG","SAPRG","vBulletin"
"PRG","SAPRG","Veeva Sys"
"PRG","SAPRG","Viddler"
"PRG","SAPRG","Vidyo"
"PRG","SAPRG","Weebly"
"PRG","SAPRG","Wistia"
"PRG","SAPRG","Wix.com"
"PRG","SAPRG","zoho"
"PRG","SCERP","Oracle"
"PRG","SCERP","OrderMotion"
"PRG","SCERP","SAP"
"PRG","SCPRG","AspenTech"
"PRG","SCPRG","Astea"
"PRG","SCPRG","BravoSoln"
"PRG","SCPRG","E2open"
"PRG","SCPRG","GTNexus"
"PRG","SCPRG","Iasta"
"PRG","SCPRG","IBM"
"PRG","SCPRG","Infor"
"PRG","SCPRG","JDA-SFTWR"
"PRG","SCPRG","Kewill"
"PRG","SCPRG","LAWSON"
"PRG","SCPRG","LLamasoft"
"PRG","SCPRG","Logility"
"PRG","SCPRG","Noosh"
"PRG","SCPRG","Oracle"
"PRG","SCPRG","RedPrairie"
"PRG","SCPRG","SAP"
"PRG","SCPRG","SciQuest"
"PRG","SCPRG","Servigistcs"
"PRG","SCPRG","Softeon"
"PRG","SCPRG","Tecsys"
"PRG","SCPRG","Zycus"
"PRG","SIPRG","Adobe"
"PRG","SIPRG","AgilOne"
"PRG","SIPRG","AlienVault"
"PRG","SIPRG","Amazon"
"PRG","SIPRG","BMC"
"PRG","SIPRG","ChannlAdvsr"
"PRG","SIPRG","Chartbeat"
"PRG","SIPRG","Clarabridge"
"PRG","SIPRG","Clickdensty"
"PRG","SIPRG","Clicky"
"PRG","SIPRG","comScore"
"PRG","SIPRG","Curalate"
"PRG","SIPRG","Datawatch"
"PRG","SIPRG","EMC"
"PRG","SIPRG","Hitslink"
"PRG","SIPRG","HP"
"PRG","SIPRG","IBM"
"PRG","SIPRG","KISSmetrics"
"PRG","SIPRG","Localytics"
"PRG","SIPRG","Loggly"
"PRG","SIPRG","LogRhythm"
"PRG","SIPRG","McAfee"
"PRG","SIPRG","Micrium"
"PRG","SIPRG","Microsoft"
"PRG","SIPRG","Mixpanel"
"PRG","SIPRG","NetIQ"
"PRG","SIPRG","Oracle"
"PRG","SIPRG","Palantir"
"PRG","SIPRG","PerTrac"
"PRG","SIPRG","Plixer"
"PRG","SIPRG","Q1Labs"
"PRG","SIPRG","Quantcast"
"PRG","SIPRG","SAS"
"PRG","SIPRG","Splunk"
"PRG","SIPRG","StatCounter"
"PRG","SIPRG","StatSoft"
"PRG","SIPRG","SumoLogic"
"PRG","SIPRG","SunGard"
"PRG","SIPRG","Sybase"
"PRG","SIPRG","Tibco"
"PRG","SIPRG","Tripwire"
"PRG","SIPRG","Trustwave"
"PRG","SIPRG","Webtrends"
"PRG","SIPRG","Woopra"
"PRG","SIPRG","Zabbix"
"PRG","SOPRG","Bazaarvoice"
"PRG","SOPRG","ConverSoc"
"PRG","SOPRG","FACEBOOK"
"PRG","SOPRG","Google"
"PRG","SOPRG","HearsaySoc"
"PRG","SOPRG","Hootsuite"
"PRG","SOPRG","IBM"
"PRG","SOPRG","Lithium"
"PRG","SOPRG","Livefyre"
"PRG","SOPRG","LivePerson"
"PRG","SOPRG","Meltwater"
"PRG","SOPRG","Microsoft"
"PRG","SOPRG","Oracle"
"PRG","SOPRG","PowrReviews"
"PRG","SOPRG","Salesforce"
"PRG","SOPRG","Spredfast"
"PRG","SOPRG","Sprinklr"
"PRG","SOPRG","Sysomos"
"PRG","SOPRG","Telligent"
"PRG","SOPRG","tracx"
"PRG","SOPRG","TrumbaCorp"
"PRG","SRERP","LAWSON"
"PRG","SRERP","Oracle"
"PRG","SRERP","SAP"
"PRG","STPRG","Accellion"
"PRG","STPRG","Acronis"
"PRG","STPRG","Actiance"
"PRG","STPRG","Actifio"
"PRG","STPRG","Amazon"
"PRG","STPRG","Asigra"
"PRG","STPRG","Carbonite"
"PRG","STPRG","CISCO"
"PRG","STPRG","COMMVAULT"
"PRG","STPRG","CommVault"
"PRG","STPRG","CrashPlan"
"PRG","STPRG","Dell"
"PRG","STPRG","EMC"
"PRG","STPRG","EVault"
"PRG","STPRG","F5-NETWORKS"
"PRG","STPRG","Faronics"
"PRG","STPRG","GlobalRelay"
"PRG","STPRG","HP"
"PRG","STPRG","IBM"
"PRG","STPRG","Intronis"
"PRG","STPRG","Iron-mount"
"PRG","STPRG","Microsoft"
"PRG","STPRG","NetApp"
"PRG","STPRG","Oracle"
"PRG","STPRG","Quest-sftwr"
"PRG","STPRG","Smarsh"
"PRG","STPRG","SmartSync"
"PRG","STPRG","Spect-Logic"
"PRG","STPRG","StrgCraft"
"PRG","STPRG","SugarSync"
"PRG","STPRG","SYMANTEC"
"PRG","STPRG","Symantec"
"PRG","STPRG","SYNCSORT"
"PRG","STPRG","Veeam"
"PRG","SVPRG","Symantec"
"PRG","TDPRG","HP"
"PRG","VDESK","Autotask"
"PRG","VDESK","Bomgar"
"PRG","VDESK","CITRIX"
"PRG","VDESK","Citrix"
"PRG","VDESK","HP"
"PRG","VDESK","RealVNC"
"PRG","VDESK","Symantec"
"PRG","VDESK","TeamViewer"
"PRG","VDESK","VMWARE"
"PRG","VSERV","Adobe"
"PRG","VSERV","Apache-Soft"
"PRG","VSERV","BMC"
"PRG","VSERV","Borland"
"PRG","VSERV","Citrix"
"PRG","VSERV","HP"
"PRG","VSERV","IBM"
"PRG","VSERV","MICROSOFT"
"PRG","VSERV","Microsoft"
"PRG","VSERV","NetApp"
"PRG","VSERV","NetSuite"
"PRG","VSERV","Nintex"
"PRG","VSERV","Oracle"
"PRG","VSERV","Red-Hat"
"PRG","VSERV","Solarwinds"
"PRG","VSERV","Stonebranch"
"PRG","VSERV","SunGard"
"PRG","VSERV","VMware"
"PRG","VSTOR","NetApp"
"PRG","WCPRG","Microsoft"
"PRG","WCPRG","WordPress"
"Pro","Devel","Fidessa"
"PRT","COPPR","BROTHER"
"PRT","COPPR","CANON"
"PRT","COPPR","HP"
"PRT","COPPR","KONICA"
"PRT","COPPR","MINOLTA"
"PRT","COPPR","SHARP"
"PRT","COPPR","XEROX"
"PRT","HVPPR","DECISION"
"PRT","HVPPR","HP"
"PRT","HVPPR","IBM"
"PRT","HVPPR","OTHER"
"PRT","HVPPR","XEROX"
"PRT","PRTOT","BROTHER"
"PRT","PRTOT","CANON"
"PRT","PRTOT","Canon"
"PRT","PRTOT","DELL"
"PRT","PRTOT","EFI"
"PRT","PRTOT","EPSON"
"PRT","PRTOT","HP"
"PRT","PRTOT","KODAK"
"PRT","PRTOT","KONICA"
"PRT","PRTOT","Konica"
"PRT","PRTOT","KYOCERA"
"PRT","PRTOT","LANIER"
"PRT","PRTOT","LEXMARK"
"PRT","PRTOT","OKI"
"PRT","PRTOT","RICOH"
"PRT","PRTOT","Ricoh"
"PRT","PRTOT","SAMSUNG"
"PRT","PRTOT","SHARP"
"PRT","PRTOT","Stratasys"
"PRT","PRTOT","XEROX"
"PRT","PRTOT","Xerox"
"PRT","PRTOT","ZEBRA"
"PRT","PRTPR","VUTEK"
"RTR","LANRT","A10Networks"
"RTR","LANRT","ADTRAN"
"RTR","LANRT","ALCATEL"
"RTR","LANRT","Apcon"
"RTR","LANRT","AristaNet"
"RTR","LANRT","ASUS"
"RTR","LANRT","AVM"
"RTR","LANRT","Axis"
"RTR","LANRT","Barracuda"
"RTR","LANRT","BELKIN"
"RTR","LANRT","BINTEC"
"RTR","LANRT","BlueCatNet"
"RTR","LANRT","BLUE-COAT"
"RTR","LANRT","Brocade"
"RTR","LANRT","CHECKPOINT"
"RTR","LANRT","CISCO"
"RTR","LANRT","Cisco"
"RTR","LANRT","COMPAL"
"RTR","LANRT","Comtrend"
"RTR","LANRT","Dell"
"RTR","LANRT","D-LINK"
"RTR","LANRT","Efficient N"
"RTR","LANRT","EMC"
"RTR","LANRT","ENTERASYS"
"RTR","LANRT","EXTREME"
"RTR","LANRT","F5-NETWORKS"
"RTR","LANRT","Fortinet"
"RTR","LANRT","HP"
"RTR","LANRT","HUAWEI"
"RTR","LANRT","IBM"
"RTR","LANRT","JUNIPER"
"RTR","LANRT","Juniper"
"RTR","LANRT","KempTech"
"RTR","LANRT","LINKSYS"
"RTR","LANRT","LUCENT"
"RTR","LANRT","McAfee"
"RTR","LANRT","Mellanox"
"RTR","LANRT","Meraki"
"RTR","LANRT","MikroTik"
"RTR","LANRT","NET"
"RTR","LANRT","NETGATE-NET"
"RTR","LANRT","NETGEAR"
"RTR","LANRT","NETOPIA"
"RTR","LANRT","Nortel"
"RTR","LANRT","Oracle"
"RTR","LANRT","QLogic"
"RTR","LANRT","Radware"
"RTR","LANRT","RckusWirlss"
"RTR","LANRT","Riverbed"
"RTR","LANRT","SAGEM"
"RTR","LANRT","SilverPeak"
"RTR","LANRT","Slingbox"
"RTR","LANRT","SMC"
"RTR","LANRT","SOPHOS"
"RTR","LANRT","SPIDER"
"RTR","LANRT","UbiquitiNet"
"RTR","LANRT","Xirrus"
"RTR","LANRT","ZYXEL"
"SMT","HAND","Adobe"
"SMT","HAND","Apple"
"SMT","HAND","DeviceAtlas"
"SMT","HAND","GOOGLE"
"SMT","HAND","Jacada"
"SMT","HAND","Kony"
"SMT","HAND","MICROSOFT"
"SMT","HAND","NOKIA"
"SMT","HAND","Tangoe"
"SMT","HAND","WindRiver"
"SMT","PPC","Frontier Si"
"SMT","PPC","Microsoft"
"Sof","App D","RequireJS"
"Sof","App D","Vaadin"
"Sof","Conte","Blackbaud"
"Sof","Conte","MovableType"
"Sof","Conte","Tumblr"
"Sof","Media","ThePlatform"
"Sof","Media","VideoJS"
"Sof","Media","Vidyard"
"Sof","Media","Vimeo"
"Sof","Mobil","Moovweb"
"Sof","Softw","Ingeniux Co"
"Sof","Softw","Jetpack"
"Sof","Softw","Microsoft"
"Sof","Softw","UserZoom"
"Sof","Softw","Visual Webs"
"Sof","Softw","Yottaa"
"Sof","Softw",NULL
"Sof","Web T","BugHerd"
"Sof","Web T","Disqus"
"Sof","Web T","eKomi - The"
"Sof","Web T","FormAssembl"
"Sof","Web T","Google"
"Sof","Web T","Homestead T"
"Sof","Web T","INTERCOM"
"Sof","Web T","Modernizr"
"Sof","Web T","ShareThis"
"Sof","Web T","Transifex"
"Sof","Web T","TypeForm"
"Sof","Web T","Usabilla"
"Sof","Web T","Vanilla For"
"Sof","Web T","Walkme"
"Sof","Web T","YAHOO"
"Sof","Web T",NULL
"SRV","CPSDP","DELL"
"SSE","SURVL","AXIS"
"SSE","SURVL","Dahua Techn"
"SSE","SURVL","D-LINK"
"SSE","SURVL","GEOVISION"
"SSE","SURVL","HONEYWELL"
"SSE","SURVL","OTHER"
"SSE","SURVL","SAMSUNG"
"SSE","SURVL","VIVOTEK"
"Sup","Manag","MercuryGate"
"Sup","Manag","Sparta Syst"
"TAB","TAB","Apple"
"UCS","UCSMN","Avaya"
"UCS","UCSMN","Cisco"
"UCS","UCSMN","Microsoft"
"UPS","UPS","APC"
"UPS","UPS","EATON"
"UPS","UPS","LIEBERT"
"UPS","UPS","OTHER"
"UPS","UPS","TOSHIBA"
"VCS","UCSVD","AXIS"
"Ver","Asset","Node.js"
"Ver","Asset","Nuance"
"Ver","Comme","Vizergy"
"Ver","Elect","ReverbNatio"
"Ver","Fundr","Google"
"Ver","Marke","Itron"
"Ver","Marke","Kaggle"
"Ver","Marke","Markit"
"Ver","Real","Emdeon  now"
"VIP","VIP","8x8"
"VIP","VIP","Aastra"
"VIP","VIP","Alcatel"
"VIP","VIP","AT&T"
"VIP","VIP","Avaya"
"VIP","VIP","Avotus"
"VIP","VIP","BroadSoft"
"VIP","VIP","Cisco"
"VIP","VIP","Comptel"
"VIP","VIP","Digium"
"VIP","VIP","IBM"
"VIP","VIP","InterCall"
"VIP","VIP","Microsoft"
"VIP","VIP","mir3"
"VIP","VIP","Mitel"
"VIP","VIP","MOTOROLA"
"VIP","VIP","Nortel"
"VIP","VIP","Ooma"
"VIP","VIP","pagerduty"
"VIP","VIP","Polycom"
"VIP","VIP","ReadyTalk"
"VIP","VIP","RingCentral"
"VIP","VIP","Siemens"
"VIP","VIP","Telesoft"
"VIP","VIP","Twilio"
"VIP","VIP","West Corp"
"VPN","VPN","CHECKPOINT"
"VPN","VPN","CISCO"
"VPN","VPN","Fortinet"
"VPN","VPN","JUNIPER"
"VPN","VPN","NORTEL"
"VPN","VPN","Pulse Secur"
"VPN","VPN","SONICWALL"
"WIS","CELL","AT&T"
"WIS","CELL","SASKTEL"
"WIS","CELL","TELUS"
NULL,NULL,"Apache-Soft"
NULL,NULL,"eNom"
NULL,NULL,NULL
